TimeQuest Timing Analyzer report for sqrt_fast
Sat Mar 08 19:57:38 2025
Quartus II 64-Bit Version 13.0.1 Build 232 06/12/2013 Service Pack 1 SJ Web Edition


---------------------
; Table of Contents ;
---------------------
  1. Legal Notice
  2. TimeQuest Timing Analyzer Summary
  3. Parallel Compilation
  4. Clocks
  5. Slow Model Fmax Summary
  6. Slow Model Setup Summary
  7. Slow Model Hold Summary
  8. Slow Model Recovery Summary
  9. Slow Model Removal Summary
 10. Slow Model Minimum Pulse Width Summary
 11. Slow Model Setup: 'current_state.end_state'
 12. Slow Model Setup: 'CLK'
 13. Slow Model Setup: 'current_state.exec_state'
 14. Slow Model Setup: 'CNT[0]'
 15. Slow Model Hold: 'CNT[0]'
 16. Slow Model Hold: 'current_state.exec_state'
 17. Slow Model Hold: 'current_state.end_state'
 18. Slow Model Hold: 'CLK'
 19. Slow Model Minimum Pulse Width: 'CLK'
 20. Slow Model Minimum Pulse Width: 'CNT[0]'
 21. Slow Model Minimum Pulse Width: 'current_state.end_state'
 22. Slow Model Minimum Pulse Width: 'current_state.exec_state'
 23. Setup Times
 24. Hold Times
 25. Clock to Output Times
 26. Minimum Clock to Output Times
 27. Fast Model Setup Summary
 28. Fast Model Hold Summary
 29. Fast Model Recovery Summary
 30. Fast Model Removal Summary
 31. Fast Model Minimum Pulse Width Summary
 32. Fast Model Setup: 'current_state.end_state'
 33. Fast Model Setup: 'CLK'
 34. Fast Model Setup: 'CNT[0]'
 35. Fast Model Setup: 'current_state.exec_state'
 36. Fast Model Hold: 'CNT[0]'
 37. Fast Model Hold: 'current_state.exec_state'
 38. Fast Model Hold: 'current_state.end_state'
 39. Fast Model Hold: 'CLK'
 40. Fast Model Minimum Pulse Width: 'CLK'
 41. Fast Model Minimum Pulse Width: 'CNT[0]'
 42. Fast Model Minimum Pulse Width: 'current_state.end_state'
 43. Fast Model Minimum Pulse Width: 'current_state.exec_state'
 44. Setup Times
 45. Hold Times
 46. Clock to Output Times
 47. Minimum Clock to Output Times
 48. Multicorner Timing Analysis Summary
 49. Setup Times
 50. Hold Times
 51. Clock to Output Times
 52. Minimum Clock to Output Times
 53. Setup Transfers
 54. Hold Transfers
 55. Report TCCS
 56. Report RSKM
 57. Unconstrained Paths
 58. TimeQuest Timing Analyzer Messages



----------------
; Legal Notice ;
----------------
Copyright (C) 1991-2013 Altera Corporation
Your use of Altera Corporation's design tools, logic functions 
and other software and tools, and its AMPP partner logic 
functions, and any output files from any of the foregoing 
(including device programming or simulation files), and any 
associated documentation or information are expressly subject 
to the terms and conditions of the Altera Program License 
Subscription Agreement, Altera MegaCore Function License 
Agreement, or other applicable license agreement, including, 
without limitation, that your use is for the sole purpose of 
programming logic devices manufactured by Altera and sold by 
Altera or its authorized distributors.  Please refer to the 
applicable agreement for further details.



+----------------------------------------------------------------------------------------+
; TimeQuest Timing Analyzer Summary                                                      ;
+--------------------+-------------------------------------------------------------------+
; Quartus II Version ; Version 13.0.1 Build 232 06/12/2013 Service Pack 1 SJ Web Edition ;
; Revision Name      ; sqrt_fast                                                         ;
; Device Family      ; Cyclone II                                                        ;
; Device Name        ; EP2C20AF256A7                                                     ;
; Timing Models      ; Final                                                             ;
; Delay Model        ; Combined                                                          ;
; Rise/Fall Delays   ; Unavailable                                                       ;
+--------------------+-------------------------------------------------------------------+


Parallel compilation was disabled, but you have multiple processors available. Enable parallel compilation to reduce compilation time.
+-------------------------------------+
; Parallel Compilation                ;
+----------------------------+--------+
; Processors                 ; Number ;
+----------------------------+--------+
; Number detected on machine ; 20     ;
; Maximum allowed            ; 1      ;
+----------------------------+--------+


+--------------------------------------------------------------------------------------------------------------------------------------------------------------------------------------------------------------------+
; Clocks                                                                                                                                                                                                             ;
+--------------------------+------+--------+------------+-------+-------+------------+-----------+-------------+-------+--------+-----------+------------+----------+--------+--------+------------------------------+
; Clock Name               ; Type ; Period ; Frequency  ; Rise  ; Fall  ; Duty Cycle ; Divide by ; Multiply by ; Phase ; Offset ; Edge List ; Edge Shift ; Inverted ; Master ; Source ; Targets                      ;
+--------------------------+------+--------+------------+-------+-------+------------+-----------+-------------+-------+--------+-----------+------------+----------+--------+--------+------------------------------+
; CLK                      ; Base ; 1.000  ; 1000.0 MHz ; 0.000 ; 0.500 ;            ;           ;             ;       ;        ;           ;            ;          ;        ;        ; { CLK }                      ;
; CNT[0]                   ; Base ; 1.000  ; 1000.0 MHz ; 0.000 ; 0.500 ;            ;           ;             ;       ;        ;           ;            ;          ;        ;        ; { CNT[0] }                   ;
; current_state.end_state  ; Base ; 1.000  ; 1000.0 MHz ; 0.000 ; 0.500 ;            ;           ;             ;       ;        ;           ;            ;          ;        ;        ; { current_state.end_state }  ;
; current_state.exec_state ; Base ; 1.000  ; 1000.0 MHz ; 0.000 ; 0.500 ;            ;           ;             ;       ;        ;           ;            ;          ;        ;        ; { current_state.exec_state } ;
+--------------------------+------+--------+------------+-------+-------+------------+-----------+-------------+-------+--------+-----------+------------+----------+--------+--------+------------------------------+


+----------------------------------------------------------------------------------+
; Slow Model Fmax Summary                                                          ;
+-----------+-----------------+--------------------------+-------------------------+
; Fmax      ; Restricted Fmax ; Clock Name               ; Note                    ;
+-----------+-----------------+--------------------------+-------------------------+
; INF MHz   ; 164.8 MHz       ; current_state.exec_state ; limit due to hold check ;
; 79.42 MHz ; 79.42 MHz       ; current_state.end_state  ;                         ;
+-----------+-----------------+--------------------------+-------------------------+
This panel reports FMAX for every clock in the design, regardless of the user-specified clock periods.  FMAX is only computed for paths where the source and destination registers or ports are driven by the same clock.  Paths of different clocks, including generated clocks, are ignored.  For paths between a clock and its inversion, FMAX is computed as if the rising and falling edges are scaled along with FMAX, such that the duty cycle (in terms of a percentage) is maintained. Altera recommends that you always use clock constraints and other slack reports for sign-off analysis.


+----------------------------------------------------+
; Slow Model Setup Summary                           ;
+--------------------------+---------+---------------+
; Clock                    ; Slack   ; End Point TNS ;
+--------------------------+---------+---------------+
; current_state.end_state  ; -11.591 ; -835.601      ;
; CLK                      ; -3.209  ; -10.525       ;
; current_state.exec_state ; 0.696   ; 0.000         ;
; CNT[0]                   ; 1.301   ; 0.000         ;
+--------------------------+---------+---------------+


+---------------------------------------------------+
; Slow Model Hold Summary                           ;
+--------------------------+--------+---------------+
; Clock                    ; Slack  ; End Point TNS ;
+--------------------------+--------+---------------+
; CNT[0]                   ; -4.481 ; -10.089       ;
; current_state.exec_state ; -3.540 ; -10.814       ;
; current_state.end_state  ; -1.971 ; -257.314      ;
; CLK                      ; 0.441  ; 0.000         ;
+--------------------------+--------+---------------+


-------------------------------
; Slow Model Recovery Summary ;
-------------------------------
No paths to report.


------------------------------
; Slow Model Removal Summary ;
------------------------------
No paths to report.


+---------------------------------------------------+
; Slow Model Minimum Pulse Width Summary            ;
+--------------------------+--------+---------------+
; Clock                    ; Slack  ; End Point TNS ;
+--------------------------+--------+---------------+
; CLK                      ; -1.631 ; -161.713      ;
; CNT[0]                   ; 0.500  ; 0.000         ;
; current_state.end_state  ; 0.500  ; 0.000         ;
; current_state.exec_state ; 0.500  ; 0.000         ;
+--------------------------+--------+---------------+


+--------------------------------------------------------------------------------------------------------------------------------------------------------------+
; Slow Model Setup: 'current_state.end_state'                                                                                                                  ;
+---------+---------------------------+---------------------------+-------------------------+-------------------------+--------------+------------+------------+
; Slack   ; From Node                 ; To Node                   ; Launch Clock            ; Latch Clock             ; Relationship ; Clock Skew ; Data Delay ;
+---------+---------------------------+---------------------------+-------------------------+-------------------------+--------------+------------+------------+
; -11.591 ; \sqrt_sequential:Rvar[0]  ; Zin[0]                    ; current_state.end_state ; current_state.end_state ; 1.000        ; 0.159      ; 11.342     ;
; -11.462 ; \sqrt_sequential:Rvar[2]  ; Zin[0]                    ; current_state.end_state ; current_state.end_state ; 1.000        ; 0.140      ; 11.194     ;
; -11.439 ; \sqrt_sequential:Rvar[0]  ; \sqrt_sequential:Rvar[63] ; current_state.end_state ; current_state.end_state ; 1.000        ; 0.160      ; 11.338     ;
; -11.371 ; \sqrt_sequential:Rvar[1]  ; Zin[0]                    ; current_state.end_state ; current_state.end_state ; 1.000        ; 0.004      ; 10.967     ;
; -11.310 ; \sqrt_sequential:Rvar[2]  ; \sqrt_sequential:Rvar[63] ; current_state.end_state ; current_state.end_state ; 1.000        ; 0.141      ; 11.190     ;
; -11.302 ; \sqrt_sequential:Rvar[3]  ; Zin[0]                    ; current_state.end_state ; current_state.end_state ; 1.000        ; 0.159      ; 11.053     ;
; -11.282 ; Z[0]                      ; Zin[0]                    ; CLK                     ; current_state.end_state ; 1.000        ; 0.835      ; 11.709     ;
; -11.219 ; \sqrt_sequential:Rvar[1]  ; \sqrt_sequential:Rvar[63] ; current_state.end_state ; current_state.end_state ; 1.000        ; 0.005      ; 10.963     ;
; -11.217 ; Z[1]                      ; Zin[0]                    ; CLK                     ; current_state.end_state ; 1.000        ; 0.835      ; 11.644     ;
; -11.173 ; \sqrt_sequential:Rvar[4]  ; Zin[0]                    ; current_state.end_state ; current_state.end_state ; 1.000        ; 0.123      ; 10.888     ;
; -11.152 ; Z[2]                      ; Zin[0]                    ; CLK                     ; current_state.end_state ; 1.000        ; 0.835      ; 11.579     ;
; -11.150 ; \sqrt_sequential:Rvar[3]  ; \sqrt_sequential:Rvar[63] ; current_state.end_state ; current_state.end_state ; 1.000        ; 0.160      ; 11.049     ;
; -11.144 ; \sqrt_sequential:Rvar[6]  ; Zin[0]                    ; current_state.end_state ; current_state.end_state ; 1.000        ; 0.159      ; 10.895     ;
; -11.130 ; Z[0]                      ; \sqrt_sequential:Rvar[63] ; CLK                     ; current_state.end_state ; 1.000        ; 0.836      ; 11.705     ;
; -11.098 ; Z[3]                      ; Zin[0]                    ; CLK                     ; current_state.end_state ; 1.000        ; 0.835      ; 11.525     ;
; -11.074 ; \sqrt_sequential:Rvar[0]  ; \sqrt_sequential:Rvar[58] ; current_state.end_state ; current_state.end_state ; 1.000        ; 0.139      ; 10.980     ;
; -11.065 ; Z[1]                      ; \sqrt_sequential:Rvar[63] ; CLK                     ; current_state.end_state ; 1.000        ; 0.836      ; 11.640     ;
; -11.022 ; \sqrt_sequential:Rvar[4]  ; \sqrt_sequential:Rvar[63] ; current_state.end_state ; current_state.end_state ; 1.000        ; 0.124      ; 10.885     ;
; -11.005 ; \sqrt_sequential:Rvar[0]  ; \sqrt_sequential:Rvar[59] ; current_state.end_state ; current_state.end_state ; 1.000        ; 0.003      ; 10.928     ;
; -11.000 ; Z[2]                      ; \sqrt_sequential:Rvar[63] ; CLK                     ; current_state.end_state ; 1.000        ; 0.836      ; 11.575     ;
; -10.996 ; \sqrt_sequential:Rvar[5]  ; Zin[0]                    ; current_state.end_state ; current_state.end_state ; 1.000        ; 0.003      ; 10.591     ;
; -10.993 ; Z[7]                      ; Zin[0]                    ; CLK                     ; current_state.end_state ; 1.000        ; 0.842      ; 11.427     ;
; -10.992 ; \sqrt_sequential:Rvar[6]  ; \sqrt_sequential:Rvar[63] ; current_state.end_state ; current_state.end_state ; 1.000        ; 0.160      ; 10.891     ;
; -10.989 ; \sqrt_sequential:Rvar[0]  ; \sqrt_sequential:Rvar[61] ; current_state.end_state ; current_state.end_state ; 1.000        ; 0.139      ; 10.944     ;
; -10.957 ; Z[5]                      ; Zin[0]                    ; CLK                     ; current_state.end_state ; 1.000        ; 0.842      ; 11.391     ;
; -10.946 ; Z[3]                      ; \sqrt_sequential:Rvar[63] ; CLK                     ; current_state.end_state ; 1.000        ; 0.836      ; 11.521     ;
; -10.945 ; \sqrt_sequential:Rvar[2]  ; \sqrt_sequential:Rvar[58] ; current_state.end_state ; current_state.end_state ; 1.000        ; 0.120      ; 10.832     ;
; -10.944 ; \sqrt_sequential:Rvar[0]  ; \sqrt_sequential:Rvar[57] ; current_state.end_state ; current_state.end_state ; 1.000        ; 0.004      ; 10.908     ;
; -10.927 ; \sqrt_sequential:Rvar[0]  ; \sqrt_sequential:Rvar[60] ; current_state.end_state ; current_state.end_state ; 1.000        ; 0.118      ; 10.856     ;
; -10.907 ; \sqrt_sequential:Rvar[8]  ; Zin[0]                    ; current_state.end_state ; current_state.end_state ; 1.000        ; 0.163      ; 10.662     ;
; -10.896 ; \sqrt_sequential:Rvar[7]  ; Zin[0]                    ; current_state.end_state ; current_state.end_state ; 1.000        ; 0.160      ; 10.648     ;
; -10.876 ; \sqrt_sequential:Rvar[2]  ; \sqrt_sequential:Rvar[59] ; current_state.end_state ; current_state.end_state ; 1.000        ; -0.016     ; 10.780     ;
; -10.860 ; \sqrt_sequential:Rvar[2]  ; \sqrt_sequential:Rvar[61] ; current_state.end_state ; current_state.end_state ; 1.000        ; 0.120      ; 10.796     ;
; -10.854 ; \sqrt_sequential:Rvar[1]  ; \sqrt_sequential:Rvar[58] ; current_state.end_state ; current_state.end_state ; 1.000        ; -0.016     ; 10.605     ;
; -10.844 ; \sqrt_sequential:Rvar[5]  ; \sqrt_sequential:Rvar[63] ; current_state.end_state ; current_state.end_state ; 1.000        ; 0.004      ; 10.587     ;
; -10.841 ; Z[7]                      ; \sqrt_sequential:Rvar[63] ; CLK                     ; current_state.end_state ; 1.000        ; 0.843      ; 11.423     ;
; -10.825 ; \sqrt_sequential:Rvar[0]  ; \sqrt_sequential:Rvar[56] ; current_state.end_state ; current_state.end_state ; 1.000        ; 0.004      ; 10.789     ;
; -10.806 ; Z[5]                      ; \sqrt_sequential:Rvar[63] ; CLK                     ; current_state.end_state ; 1.000        ; 0.843      ; 11.388     ;
; -10.798 ; \sqrt_sequential:Rvar[2]  ; \sqrt_sequential:Rvar[60] ; current_state.end_state ; current_state.end_state ; 1.000        ; 0.099      ; 10.708     ;
; -10.785 ; \sqrt_sequential:Rvar[3]  ; \sqrt_sequential:Rvar[58] ; current_state.end_state ; current_state.end_state ; 1.000        ; 0.139      ; 10.691     ;
; -10.785 ; \sqrt_sequential:Rvar[1]  ; \sqrt_sequential:Rvar[59] ; current_state.end_state ; current_state.end_state ; 1.000        ; -0.152     ; 10.553     ;
; -10.779 ; Z[4]                      ; Zin[0]                    ; CLK                     ; current_state.end_state ; 1.000        ; 0.842      ; 11.213     ;
; -10.769 ; \sqrt_sequential:Rvar[1]  ; \sqrt_sequential:Rvar[61] ; current_state.end_state ; current_state.end_state ; 1.000        ; -0.016     ; 10.569     ;
; -10.765 ; Z[0]                      ; \sqrt_sequential:Rvar[58] ; CLK                     ; current_state.end_state ; 1.000        ; 0.815      ; 11.347     ;
; -10.763 ; \sqrt_sequential:Rvar[2]  ; \sqrt_sequential:Rvar[57] ; current_state.end_state ; current_state.end_state ; 1.000        ; -0.015     ; 10.708     ;
; -10.755 ; \sqrt_sequential:Rvar[8]  ; \sqrt_sequential:Rvar[63] ; current_state.end_state ; current_state.end_state ; 1.000        ; 0.164      ; 10.658     ;
; -10.744 ; \sqrt_sequential:Rvar[7]  ; \sqrt_sequential:Rvar[63] ; current_state.end_state ; current_state.end_state ; 1.000        ; 0.161      ; 10.644     ;
; -10.716 ; \sqrt_sequential:Rvar[3]  ; \sqrt_sequential:Rvar[59] ; current_state.end_state ; current_state.end_state ; 1.000        ; 0.003      ; 10.639     ;
; -10.714 ; Z[6]                      ; Zin[0]                    ; CLK                     ; current_state.end_state ; 1.000        ; 0.842      ; 11.148     ;
; -10.707 ; \sqrt_sequential:Rvar[1]  ; \sqrt_sequential:Rvar[60] ; current_state.end_state ; current_state.end_state ; 1.000        ; -0.037     ; 10.481     ;
; -10.700 ; Z[1]                      ; \sqrt_sequential:Rvar[58] ; CLK                     ; current_state.end_state ; 1.000        ; 0.815      ; 11.282     ;
; -10.700 ; \sqrt_sequential:Rvar[3]  ; \sqrt_sequential:Rvar[61] ; current_state.end_state ; current_state.end_state ; 1.000        ; 0.139      ; 10.655     ;
; -10.696 ; Z[0]                      ; \sqrt_sequential:Rvar[59] ; CLK                     ; current_state.end_state ; 1.000        ; 0.679      ; 11.295     ;
; -10.687 ; \sqrt_sequential:Rvar[0]  ; \sqrt_sequential:Rvar[55] ; current_state.end_state ; current_state.end_state ; 1.000        ; 0.003      ; 10.609     ;
; -10.680 ; Z[0]                      ; \sqrt_sequential:Rvar[61] ; CLK                     ; current_state.end_state ; 1.000        ; 0.815      ; 11.311     ;
; -10.674 ; Z[1]                      ; \sqrt_sequential:Rvar[59] ; CLK                     ; current_state.end_state ; 1.000        ; 0.679      ; 11.273     ;
; -10.651 ; \sqrt_sequential:Rvar[4]  ; \sqrt_sequential:Rvar[59] ; current_state.end_state ; current_state.end_state ; 1.000        ; -0.033     ; 10.538     ;
; -10.644 ; \sqrt_sequential:Rvar[2]  ; \sqrt_sequential:Rvar[56] ; current_state.end_state ; current_state.end_state ; 1.000        ; -0.015     ; 10.589     ;
; -10.638 ; \sqrt_sequential:Rvar[3]  ; \sqrt_sequential:Rvar[60] ; current_state.end_state ; current_state.end_state ; 1.000        ; 0.118      ; 10.567     ;
; -10.635 ; Z[2]                      ; \sqrt_sequential:Rvar[58] ; CLK                     ; current_state.end_state ; 1.000        ; 0.815      ; 11.217     ;
; -10.628 ; Z[1]                      ; \sqrt_sequential:Rvar[57] ; CLK                     ; current_state.end_state ; 1.000        ; 0.680      ; 11.268     ;
; -10.628 ; Z[4]                      ; \sqrt_sequential:Rvar[63] ; CLK                     ; current_state.end_state ; 1.000        ; 0.843      ; 11.210     ;
; -10.627 ; \sqrt_sequential:Rvar[6]  ; \sqrt_sequential:Rvar[58] ; current_state.end_state ; current_state.end_state ; 1.000        ; 0.139      ; 10.533     ;
; -10.618 ; Z[0]                      ; \sqrt_sequential:Rvar[60] ; CLK                     ; current_state.end_state ; 1.000        ; 0.794      ; 11.223     ;
; -10.615 ; Z[1]                      ; \sqrt_sequential:Rvar[61] ; CLK                     ; current_state.end_state ; 1.000        ; 0.815      ; 11.246     ;
; -10.605 ; \sqrt_sequential:Rvar[4]  ; \sqrt_sequential:Rvar[57] ; current_state.end_state ; current_state.end_state ; 1.000        ; -0.032     ; 10.533     ;
; -10.583 ; \sqrt_sequential:Rvar[9]  ; Zin[0]                    ; current_state.end_state ; current_state.end_state ; 1.000        ; 0.005      ; 10.180     ;
; -10.581 ; Z[3]                      ; \sqrt_sequential:Rvar[58] ; CLK                     ; current_state.end_state ; 1.000        ; 0.815      ; 11.163     ;
; -10.574 ; Z[1]                      ; \sqrt_sequential:Rvar[60] ; CLK                     ; current_state.end_state ; 1.000        ; 0.794      ; 11.179     ;
; -10.570 ; \sqrt_sequential:Rvar[4]  ; \sqrt_sequential:Rvar[58] ; current_state.end_state ; current_state.end_state ; 1.000        ; 0.103      ; 10.440     ;
; -10.567 ; \sqrt_sequential:Rvar[4]  ; \sqrt_sequential:Rvar[61] ; current_state.end_state ; current_state.end_state ; 1.000        ; 0.103      ; 10.486     ;
; -10.566 ; Z[2]                      ; \sqrt_sequential:Rvar[59] ; CLK                     ; current_state.end_state ; 1.000        ; 0.679      ; 11.165     ;
; -10.563 ; Z[6]                      ; \sqrt_sequential:Rvar[63] ; CLK                     ; current_state.end_state ; 1.000        ; 0.843      ; 11.145     ;
; -10.563 ; \sqrt_sequential:Rvar[1]  ; \sqrt_sequential:Rvar[57] ; current_state.end_state ; current_state.end_state ; 1.000        ; -0.151     ; 10.372     ;
; -10.558 ; \sqrt_sequential:Rvar[6]  ; \sqrt_sequential:Rvar[59] ; current_state.end_state ; current_state.end_state ; 1.000        ; 0.003      ; 10.481     ;
; -10.551 ; \sqrt_sequential:Rvar[4]  ; \sqrt_sequential:Rvar[60] ; current_state.end_state ; current_state.end_state ; 1.000        ; 0.082      ; 10.444     ;
; -10.550 ; Z[2]                      ; \sqrt_sequential:Rvar[61] ; CLK                     ; current_state.end_state ; 1.000        ; 0.815      ; 11.181     ;
; -10.542 ; \sqrt_sequential:Rvar[6]  ; \sqrt_sequential:Rvar[61] ; current_state.end_state ; current_state.end_state ; 1.000        ; 0.139      ; 10.497     ;
; -10.533 ; \sqrt_sequential:Rvar[0]  ; \sqrt_sequential:Rvar[54] ; current_state.end_state ; current_state.end_state ; 1.000        ; 0.022      ; 10.525     ;
; -10.512 ; Z[3]                      ; \sqrt_sequential:Rvar[59] ; CLK                     ; current_state.end_state ; 1.000        ; 0.679      ; 11.111     ;
; -10.509 ; Z[1]                      ; \sqrt_sequential:Rvar[56] ; CLK                     ; current_state.end_state ; 1.000        ; 0.680      ; 11.149     ;
; -10.506 ; \sqrt_sequential:Rvar[2]  ; \sqrt_sequential:Rvar[55] ; current_state.end_state ; current_state.end_state ; 1.000        ; -0.016     ; 10.409     ;
; -10.496 ; Z[3]                      ; \sqrt_sequential:Rvar[61] ; CLK                     ; current_state.end_state ; 1.000        ; 0.815      ; 11.127     ;
; -10.494 ; \sqrt_sequential:Rvar[3]  ; \sqrt_sequential:Rvar[57] ; current_state.end_state ; current_state.end_state ; 1.000        ; 0.004      ; 10.458     ;
; -10.488 ; Z[2]                      ; \sqrt_sequential:Rvar[60] ; CLK                     ; current_state.end_state ; 1.000        ; 0.794      ; 11.093     ;
; -10.486 ; \sqrt_sequential:Rvar[4]  ; \sqrt_sequential:Rvar[56] ; current_state.end_state ; current_state.end_state ; 1.000        ; -0.032     ; 10.414     ;
; -10.480 ; \sqrt_sequential:Rvar[6]  ; \sqrt_sequential:Rvar[60] ; current_state.end_state ; current_state.end_state ; 1.000        ; 0.118      ; 10.409     ;
; -10.479 ; \sqrt_sequential:Rvar[5]  ; \sqrt_sequential:Rvar[58] ; current_state.end_state ; current_state.end_state ; 1.000        ; -0.017     ; 10.229     ;
; -10.476 ; Z[7]                      ; \sqrt_sequential:Rvar[58] ; CLK                     ; current_state.end_state ; 1.000        ; 0.822      ; 11.065     ;
; -10.474 ; Z[0]                      ; \sqrt_sequential:Rvar[57] ; CLK                     ; current_state.end_state ; 1.000        ; 0.680      ; 11.114     ;
; -10.466 ; \sqrt_sequential:Rvar[1]  ; \sqrt_sequential:Rvar[56] ; current_state.end_state ; current_state.end_state ; 1.000        ; -0.151     ; 10.275     ;
; -10.453 ; \sqrt_sequential:Rvar[11] ; Zin[0]                    ; current_state.end_state ; current_state.end_state ; 1.000        ; -0.026     ; 10.019     ;
; -10.439 ; Z[2]                      ; \sqrt_sequential:Rvar[57] ; CLK                     ; current_state.end_state ; 1.000        ; 0.680      ; 11.079     ;
; -10.435 ; Z[5]                      ; \sqrt_sequential:Rvar[59] ; CLK                     ; current_state.end_state ; 1.000        ; 0.686      ; 11.041     ;
; -10.435 ; \sqrt_sequential:Rvar[0]  ; \sqrt_sequential:Rvar[53] ; current_state.end_state ; current_state.end_state ; 1.000        ; 0.022      ; 10.418     ;
; -10.434 ; Z[3]                      ; \sqrt_sequential:Rvar[60] ; CLK                     ; current_state.end_state ; 1.000        ; 0.794      ; 11.039     ;
; -10.431 ; \sqrt_sequential:Rvar[9]  ; \sqrt_sequential:Rvar[63] ; current_state.end_state ; current_state.end_state ; 1.000        ; 0.006      ; 10.176     ;
; -10.415 ; \sqrt_sequential:Rvar[0]  ; \sqrt_sequential:Rvar[52] ; current_state.end_state ; current_state.end_state ; 1.000        ; 0.019      ; 10.349     ;
; -10.410 ; \sqrt_sequential:Rvar[5]  ; \sqrt_sequential:Rvar[59] ; current_state.end_state ; current_state.end_state ; 1.000        ; -0.153     ; 10.177     ;
; -10.407 ; Z[7]                      ; \sqrt_sequential:Rvar[59] ; CLK                     ; current_state.end_state ; 1.000        ; 0.686      ; 11.013     ;
+---------+---------------------------+---------------------------+-------------------------+-------------------------+--------------+------------+------------+


+--------------------------------------------------------------------------------------------------------------------------------------------------+
; Slow Model Setup: 'CLK'                                                                                                                          ;
+--------+----------------------------+--------------------------+--------------------------+-------------+--------------+------------+------------+
; Slack  ; From Node                  ; To Node                  ; Launch Clock             ; Latch Clock ; Relationship ; Clock Skew ; Data Delay ;
+--------+----------------------------+--------------------------+--------------------------+-------------+--------------+------------+------------+
; -3.209 ; next_state.wait_state_2627 ; current_state.wait_state ; CNT[0]                   ; CLK         ; 0.500        ; -3.151     ; 0.597      ;
; -2.859 ; next_state.exec_state_2618 ; current_state.exec_state ; CNT[0]                   ; CLK         ; 0.500        ; -3.298     ; 0.100      ;
; -2.713 ; next_state.end_state_2609  ; current_state.end_state  ; CNT[0]                   ; CLK         ; 0.500        ; -3.152     ; 0.100      ;
; -1.604 ; next_state.wait_state_2627 ; current_state.wait_state ; current_state.exec_state ; CLK         ; 1.000        ; -2.046     ; 0.597      ;
; -1.254 ; next_state.exec_state_2618 ; current_state.exec_state ; current_state.exec_state ; CLK         ; 1.000        ; -2.193     ; 0.100      ;
; -1.108 ; next_state.end_state_2609  ; current_state.end_state  ; current_state.exec_state ; CLK         ; 1.000        ; -2.047     ; 0.100      ;
; -0.976 ; CNTin[1]                   ; CNT[1]                   ; current_state.end_state  ; CLK         ; 1.000        ; -0.715     ; 1.300      ;
; -0.221 ; Zin[29]                    ; Z[29]                    ; current_state.end_state  ; CLK         ; 1.000        ; -0.665     ; 0.595      ;
; -0.193 ; Zin[31]                    ; Z[31]                    ; current_state.end_state  ; CLK         ; 1.000        ; -0.644     ; 0.588      ;
; -0.191 ; CNTin[13]                  ; CNT[13]                  ; current_state.end_state  ; CLK         ; 1.000        ; -0.637     ; 0.593      ;
; -0.157 ; CNTin[21]                  ; CNT[21]                  ; current_state.end_state  ; CLK         ; 1.000        ; -0.602     ; 0.594      ;
; -0.006 ; CNTin[27]                  ; CNT[27]                  ; current_state.end_state  ; CLK         ; 1.000        ; -0.945     ; 0.100      ;
; 0.068  ; Din[29]                    ; D[29]                    ; current_state.end_state  ; CLK         ; 1.000        ; -0.871     ; 0.100      ;
; 0.069  ; Din[25]                    ; D[25]                    ; current_state.end_state  ; CLK         ; 1.000        ; -0.870     ; 0.100      ;
; 0.070  ; Zin[13]                    ; Z[13]                    ; current_state.end_state  ; CLK         ; 1.000        ; -0.869     ; 0.100      ;
; 0.070  ; Zin[14]                    ; Z[14]                    ; current_state.end_state  ; CLK         ; 1.000        ; -0.869     ; 0.100      ;
; 0.072  ; Din[31]                    ; D[31]                    ; current_state.end_state  ; CLK         ; 1.000        ; -0.867     ; 0.100      ;
; 0.074  ; Din[17]                    ; D[17]                    ; current_state.end_state  ; CLK         ; 1.000        ; -0.865     ; 0.100      ;
; 0.097  ; Zin[17]                    ; Z[17]                    ; current_state.end_state  ; CLK         ; 1.000        ; -0.842     ; 0.100      ;
; 0.100  ; Zin[12]                    ; Z[12]                    ; current_state.end_state  ; CLK         ; 1.000        ; -0.839     ; 0.100      ;
; 0.102  ; Zin[10]                    ; Z[10]                    ; current_state.end_state  ; CLK         ; 1.000        ; -0.837     ; 0.100      ;
; 0.104  ; Zin[0]                     ; Z[0]                     ; current_state.end_state  ; CLK         ; 1.000        ; -0.835     ; 0.100      ;
; 0.109  ; Din[62]                    ; D[62]                    ; current_state.end_state  ; CLK         ; 1.000        ; -0.830     ; 0.100      ;
; 0.110  ; Zin[5]                     ; Z[5]                     ; current_state.end_state  ; CLK         ; 1.000        ; -0.829     ; 0.100      ;
; 0.110  ; Zin[8]                     ; Z[8]                     ; current_state.end_state  ; CLK         ; 1.000        ; -0.829     ; 0.100      ;
; 0.111  ; Din[58]                    ; D[58]                    ; current_state.end_state  ; CLK         ; 1.000        ; -0.828     ; 0.100      ;
; 0.111  ; Zin[7]                     ; Z[7]                     ; current_state.end_state  ; CLK         ; 1.000        ; -0.828     ; 0.100      ;
; 0.112  ; Din[18]                    ; D[18]                    ; current_state.end_state  ; CLK         ; 1.000        ; -0.827     ; 0.100      ;
; 0.112  ; Din[54]                    ; D[54]                    ; current_state.end_state  ; CLK         ; 1.000        ; -0.827     ; 0.100      ;
; 0.113  ; Din[16]                    ; D[16]                    ; current_state.end_state  ; CLK         ; 1.000        ; -0.826     ; 0.100      ;
; 0.116  ; Din[50]                    ; D[50]                    ; current_state.end_state  ; CLK         ; 1.000        ; -0.823     ; 0.100      ;
; 0.117  ; Din[38]                    ; D[38]                    ; current_state.end_state  ; CLK         ; 1.000        ; -0.822     ; 0.100      ;
; 0.117  ; Din[42]                    ; D[42]                    ; current_state.end_state  ; CLK         ; 1.000        ; -0.822     ; 0.100      ;
; 0.117  ; Din[52]                    ; D[52]                    ; current_state.end_state  ; CLK         ; 1.000        ; -0.822     ; 0.100      ;
; 0.120  ; Din[30]                    ; D[30]                    ; current_state.end_state  ; CLK         ; 1.000        ; -0.819     ; 0.100      ;
; 0.121  ; Din[22]                    ; D[22]                    ; current_state.end_state  ; CLK         ; 1.000        ; -0.818     ; 0.100      ;
; 0.122  ; Din[12]                    ; D[12]                    ; current_state.end_state  ; CLK         ; 1.000        ; -0.817     ; 0.100      ;
; 0.123  ; Din[4]                     ; D[4]                     ; current_state.end_state  ; CLK         ; 1.000        ; -0.816     ; 0.100      ;
; 0.123  ; Din[14]                    ; D[14]                    ; current_state.end_state  ; CLK         ; 1.000        ; -0.816     ; 0.100      ;
; 0.128  ; Din[59]                    ; D[59]                    ; current_state.end_state  ; CLK         ; 1.000        ; -0.811     ; 0.100      ;
; 0.128  ; Din[61]                    ; D[61]                    ; current_state.end_state  ; CLK         ; 1.000        ; -0.811     ; 0.100      ;
; 0.128  ; Din[63]                    ; D[63]                    ; current_state.end_state  ; CLK         ; 1.000        ; -0.811     ; 0.100      ;
; 0.129  ; Din[47]                    ; D[47]                    ; current_state.end_state  ; CLK         ; 1.000        ; -0.810     ; 0.100      ;
; 0.130  ; Din[33]                    ; D[33]                    ; current_state.end_state  ; CLK         ; 1.000        ; -0.809     ; 0.100      ;
; 0.130  ; Din[37]                    ; D[37]                    ; current_state.end_state  ; CLK         ; 1.000        ; -0.809     ; 0.100      ;
; 0.130  ; Din[39]                    ; D[39]                    ; current_state.end_state  ; CLK         ; 1.000        ; -0.809     ; 0.100      ;
; 0.130  ; Din[49]                    ; D[49]                    ; current_state.end_state  ; CLK         ; 1.000        ; -0.809     ; 0.100      ;
; 0.134  ; Din[9]                     ; D[9]                     ; current_state.end_state  ; CLK         ; 1.000        ; -0.805     ; 0.100      ;
; 0.135  ; Din[13]                    ; D[13]                    ; current_state.end_state  ; CLK         ; 1.000        ; -0.804     ; 0.100      ;
; 0.135  ; Din[15]                    ; D[15]                    ; current_state.end_state  ; CLK         ; 1.000        ; -0.804     ; 0.100      ;
; 0.138  ; Din[36]                    ; D[36]                    ; current_state.end_state  ; CLK         ; 1.000        ; -0.801     ; 0.100      ;
; 0.139  ; CNTin[25]                  ; CNT[25]                  ; current_state.end_state  ; CLK         ; 1.000        ; -0.800     ; 0.100      ;
; 0.140  ; Din[28]                    ; D[28]                    ; current_state.end_state  ; CLK         ; 1.000        ; -0.799     ; 0.100      ;
; 0.149  ; CNTin[24]                  ; CNT[24]                  ; current_state.end_state  ; CLK         ; 1.000        ; -0.790     ; 0.100      ;
; 0.149  ; CNTin[26]                  ; CNT[26]                  ; current_state.end_state  ; CLK         ; 1.000        ; -0.790     ; 0.100      ;
; 0.150  ; CNTin[29]                  ; CNT[29]                  ; current_state.end_state  ; CLK         ; 1.000        ; -0.789     ; 0.100      ;
; 0.151  ; CNTin[28]                  ; CNT[28]                  ; current_state.end_state  ; CLK         ; 1.000        ; -0.788     ; 0.100      ;
; 0.152  ; Zin[3]                     ; Z[3]                     ; current_state.end_state  ; CLK         ; 1.000        ; -0.787     ; 0.100      ;
; 0.152  ; CNTin[31]                  ; CNT[31]                  ; current_state.end_state  ; CLK         ; 1.000        ; -0.787     ; 0.100      ;
; 0.199  ; CNTin[30]                  ; CNT[30]                  ; current_state.end_state  ; CLK         ; 1.000        ; -0.740     ; 0.100      ;
; 0.229  ; CNTin[3]                   ; CNT[3]                   ; current_state.end_state  ; CLK         ; 1.000        ; -0.710     ; 0.100      ;
; 0.229  ; CNTin[7]                   ; CNT[7]                   ; current_state.end_state  ; CLK         ; 1.000        ; -0.710     ; 0.100      ;
; 0.230  ; CNTin[5]                   ; CNT[5]                   ; current_state.end_state  ; CLK         ; 1.000        ; -0.709     ; 0.100      ;
; 0.230  ; CNTin[6]                   ; CNT[6]                   ; current_state.end_state  ; CLK         ; 1.000        ; -0.709     ; 0.100      ;
; 0.233  ; CNTin[4]                   ; CNT[4]                   ; current_state.end_state  ; CLK         ; 1.000        ; -0.706     ; 0.100      ;
; 0.235  ; CNTin[2]                   ; CNT[2]                   ; current_state.end_state  ; CLK         ; 1.000        ; -0.704     ; 0.100      ;
; 0.247  ; Zin[18]                    ; Z[18]                    ; current_state.end_state  ; CLK         ; 1.000        ; -0.692     ; 0.100      ;
; 0.248  ; Zin[16]                    ; Z[16]                    ; current_state.end_state  ; CLK         ; 1.000        ; -0.691     ; 0.100      ;
; 0.248  ; Zin[19]                    ; Z[19]                    ; current_state.end_state  ; CLK         ; 1.000        ; -0.691     ; 0.100      ;
; 0.249  ; Zin[15]                    ; Z[15]                    ; current_state.end_state  ; CLK         ; 1.000        ; -0.690     ; 0.100      ;
; 0.250  ; CNTin[0]                   ; CNT[0]                   ; current_state.end_state  ; CLK         ; 1.000        ; -0.689     ; 0.100      ;
; 0.251  ; Zin[20]                    ; Z[20]                    ; current_state.end_state  ; CLK         ; 1.000        ; -0.688     ; 0.100      ;
; 0.253  ; Din[32]                    ; D[32]                    ; current_state.end_state  ; CLK         ; 1.000        ; -0.686     ; 0.100      ;
; 0.255  ; Din[24]                    ; D[24]                    ; current_state.end_state  ; CLK         ; 1.000        ; -0.684     ; 0.100      ;
; 0.255  ; Din[26]                    ; D[26]                    ; current_state.end_state  ; CLK         ; 1.000        ; -0.684     ; 0.100      ;
; 0.255  ; CNTin[10]                  ; CNT[10]                  ; current_state.end_state  ; CLK         ; 1.000        ; -0.684     ; 0.100      ;
; 0.255  ; CNTin[11]                  ; CNT[11]                  ; current_state.end_state  ; CLK         ; 1.000        ; -0.684     ; 0.100      ;
; 0.256  ; Din[34]                    ; D[34]                    ; current_state.end_state  ; CLK         ; 1.000        ; -0.683     ; 0.100      ;
; 0.256  ; CNTin[8]                   ; CNT[8]                   ; current_state.end_state  ; CLK         ; 1.000        ; -0.683     ; 0.100      ;
; 0.256  ; CNTin[15]                  ; CNT[15]                  ; current_state.end_state  ; CLK         ; 1.000        ; -0.683     ; 0.100      ;
; 0.257  ; CNTin[12]                  ; CNT[12]                  ; current_state.end_state  ; CLK         ; 1.000        ; -0.682     ; 0.100      ;
; 0.257  ; CNTin[14]                  ; CNT[14]                  ; current_state.end_state  ; CLK         ; 1.000        ; -0.682     ; 0.100      ;
; 0.259  ; CNTin[9]                   ; CNT[9]                   ; current_state.end_state  ; CLK         ; 1.000        ; -0.680     ; 0.100      ;
; 0.267  ; Din[1]                     ; D[1]                     ; current_state.end_state  ; CLK         ; 1.000        ; -0.672     ; 0.100      ;
; 0.267  ; Din[11]                    ; D[11]                    ; current_state.end_state  ; CLK         ; 1.000        ; -0.672     ; 0.100      ;
; 0.267  ; Zin[2]                     ; Z[2]                     ; current_state.end_state  ; CLK         ; 1.000        ; -0.672     ; 0.100      ;
; 0.268  ; Din[3]                     ; D[3]                     ; current_state.end_state  ; CLK         ; 1.000        ; -0.671     ; 0.100      ;
; 0.268  ; Din[5]                     ; D[5]                     ; current_state.end_state  ; CLK         ; 1.000        ; -0.671     ; 0.100      ;
; 0.268  ; Zin[1]                     ; Z[1]                     ; current_state.end_state  ; CLK         ; 1.000        ; -0.671     ; 0.100      ;
; 0.269  ; Din[7]                     ; D[7]                     ; current_state.end_state  ; CLK         ; 1.000        ; -0.670     ; 0.100      ;
; 0.271  ; Din[19]                    ; D[19]                    ; current_state.end_state  ; CLK         ; 1.000        ; -0.668     ; 0.100      ;
; 0.271  ; Din[23]                    ; D[23]                    ; current_state.end_state  ; CLK         ; 1.000        ; -0.668     ; 0.100      ;
; 0.272  ; Din[27]                    ; D[27]                    ; current_state.end_state  ; CLK         ; 1.000        ; -0.667     ; 0.100      ;
; 0.272  ; Zin[23]                    ; Z[23]                    ; current_state.end_state  ; CLK         ; 1.000        ; -0.667     ; 0.100      ;
; 0.273  ; Zin[22]                    ; Z[22]                    ; current_state.end_state  ; CLK         ; 1.000        ; -0.666     ; 0.100      ;
; 0.274  ; Din[21]                    ; D[21]                    ; current_state.end_state  ; CLK         ; 1.000        ; -0.665     ; 0.100      ;
; 0.274  ; Zin[25]                    ; Z[25]                    ; current_state.end_state  ; CLK         ; 1.000        ; -0.665     ; 0.100      ;
; 0.275  ; Zin[21]                    ; Z[21]                    ; current_state.end_state  ; CLK         ; 1.000        ; -0.664     ; 0.100      ;
; 0.276  ; Zin[24]                    ; Z[24]                    ; current_state.end_state  ; CLK         ; 1.000        ; -0.663     ; 0.100      ;
; 0.276  ; Zin[27]                    ; Z[27]                    ; current_state.end_state  ; CLK         ; 1.000        ; -0.663     ; 0.100      ;
+--------+----------------------------+--------------------------+--------------------------+-------------+--------------+------------+------------+


+--------------------------------------------------------------------------------------------------------------------------------------------------------------+
; Slow Model Setup: 'current_state.exec_state'                                                                                                                 ;
+-------+--------------------------+----------------------------+--------------------------+--------------------------+--------------+------------+------------+
; Slack ; From Node                ; To Node                    ; Launch Clock             ; Latch Clock              ; Relationship ; Clock Skew ; Data Delay ;
+-------+--------------------------+----------------------------+--------------------------+--------------------------+--------------+------------+------------+
; 0.696 ; current_state.wait_state ; next_state.exec_state_2618 ; CLK                      ; current_state.exec_state ; 1.000        ; 2.193      ; 1.329      ;
; 2.493 ; current_state.exec_state ; next_state.wait_state_2627 ; current_state.exec_state ; current_state.exec_state ; 0.500        ; 4.970      ; 2.222      ;
; 2.496 ; current_state.exec_state ; next_state.end_state_2609  ; current_state.exec_state ; current_state.exec_state ; 0.500        ; 4.971      ; 2.224      ;
; 2.839 ; current_state.end_state  ; next_state.end_state_2609  ; current_state.end_state  ; current_state.exec_state ; 0.500        ; 4.971      ; 1.881      ;
; 2.993 ; current_state.exec_state ; next_state.wait_state_2627 ; current_state.exec_state ; current_state.exec_state ; 1.000        ; 4.970      ; 2.222      ;
; 2.996 ; current_state.exec_state ; next_state.end_state_2609  ; current_state.exec_state ; current_state.exec_state ; 1.000        ; 4.971      ; 2.224      ;
; 3.214 ; current_state.end_state  ; DONE$latch                 ; current_state.end_state  ; current_state.exec_state ; 0.500        ; 4.743      ; 1.489      ;
; 3.339 ; current_state.end_state  ; next_state.end_state_2609  ; current_state.end_state  ; current_state.exec_state ; 1.000        ; 4.971      ; 1.881      ;
; 3.714 ; current_state.end_state  ; DONE$latch                 ; current_state.end_state  ; current_state.exec_state ; 1.000        ; 4.743      ; 1.489      ;
+-------+--------------------------+----------------------------+--------------------------+--------------------------+--------------+------------+------------+


+-------------------------------------------------------------------------------------------------------------------------------------------------+
; Slow Model Setup: 'CNT[0]'                                                                                                                      ;
+-------+--------------------------+----------------------------+--------------------------+-------------+--------------+------------+------------+
; Slack ; From Node                ; To Node                    ; Launch Clock             ; Latch Clock ; Relationship ; Clock Skew ; Data Delay ;
+-------+--------------------------+----------------------------+--------------------------+-------------+--------------+------------+------------+
; 1.301 ; current_state.wait_state ; next_state.exec_state_2618 ; CLK                      ; CNT[0]      ; 0.500        ; 3.298      ; 1.329      ;
; 3.598 ; current_state.exec_state ; next_state.wait_state_2627 ; current_state.exec_state ; CNT[0]      ; 0.500        ; 6.075      ; 2.222      ;
; 3.601 ; current_state.exec_state ; next_state.end_state_2609  ; current_state.exec_state ; CNT[0]      ; 0.500        ; 6.076      ; 2.224      ;
; 3.944 ; current_state.end_state  ; next_state.end_state_2609  ; current_state.end_state  ; CNT[0]      ; 0.500        ; 6.076      ; 1.881      ;
; 4.098 ; current_state.exec_state ; next_state.wait_state_2627 ; current_state.exec_state ; CNT[0]      ; 1.000        ; 6.075      ; 2.222      ;
; 4.101 ; current_state.exec_state ; next_state.end_state_2609  ; current_state.exec_state ; CNT[0]      ; 1.000        ; 6.076      ; 2.224      ;
; 4.444 ; current_state.end_state  ; next_state.end_state_2609  ; current_state.end_state  ; CNT[0]      ; 1.000        ; 6.076      ; 1.881      ;
+-------+--------------------------+----------------------------+--------------------------+-------------+--------------+------------+------------+


+--------------------------------------------------------------------------------------------------------------------------------------------------+
; Slow Model Hold: 'CNT[0]'                                                                                                                        ;
+--------+--------------------------+----------------------------+--------------------------+-------------+--------------+------------+------------+
; Slack  ; From Node                ; To Node                    ; Launch Clock             ; Latch Clock ; Relationship ; Clock Skew ; Data Delay ;
+--------+--------------------------+----------------------------+--------------------------+-------------+--------------+------------+------------+
; -4.481 ; current_state.end_state  ; next_state.end_state_2609  ; current_state.end_state  ; CNT[0]      ; 0.000        ; 6.076      ; 1.881      ;
; -4.139 ; current_state.exec_state ; next_state.wait_state_2627 ; current_state.exec_state ; CNT[0]      ; 0.000        ; 6.075      ; 2.222      ;
; -4.138 ; current_state.exec_state ; next_state.end_state_2609  ; current_state.exec_state ; CNT[0]      ; 0.000        ; 6.076      ; 2.224      ;
; -3.981 ; current_state.end_state  ; next_state.end_state_2609  ; current_state.end_state  ; CNT[0]      ; -0.500       ; 6.076      ; 1.881      ;
; -3.639 ; current_state.exec_state ; next_state.wait_state_2627 ; current_state.exec_state ; CNT[0]      ; -0.500       ; 6.075      ; 2.222      ;
; -3.638 ; current_state.exec_state ; next_state.end_state_2609  ; current_state.exec_state ; CNT[0]      ; -0.500       ; 6.076      ; 2.224      ;
; -1.469 ; current_state.wait_state ; next_state.exec_state_2618 ; CLK                      ; CNT[0]      ; -0.500       ; 3.298      ; 1.329      ;
+--------+--------------------------+----------------------------+--------------------------+-------------+--------------+------------+------------+


+---------------------------------------------------------------------------------------------------------------------------------------------------------------+
; Slow Model Hold: 'current_state.exec_state'                                                                                                                   ;
+--------+--------------------------+----------------------------+--------------------------+--------------------------+--------------+------------+------------+
; Slack  ; From Node                ; To Node                    ; Launch Clock             ; Latch Clock              ; Relationship ; Clock Skew ; Data Delay ;
+--------+--------------------------+----------------------------+--------------------------+--------------------------+--------------+------------+------------+
; -3.540 ; current_state.end_state  ; DONE$latch                 ; current_state.end_state  ; current_state.exec_state ; 0.000        ; 4.743      ; 1.489      ;
; -3.376 ; current_state.end_state  ; next_state.end_state_2609  ; current_state.end_state  ; current_state.exec_state ; 0.000        ; 4.971      ; 1.881      ;
; -3.040 ; current_state.end_state  ; DONE$latch                 ; current_state.end_state  ; current_state.exec_state ; -0.500       ; 4.743      ; 1.489      ;
; -3.034 ; current_state.exec_state ; next_state.wait_state_2627 ; current_state.exec_state ; current_state.exec_state ; 0.000        ; 4.970      ; 2.222      ;
; -3.033 ; current_state.exec_state ; next_state.end_state_2609  ; current_state.exec_state ; current_state.exec_state ; 0.000        ; 4.971      ; 2.224      ;
; -2.876 ; current_state.end_state  ; next_state.end_state_2609  ; current_state.end_state  ; current_state.exec_state ; -0.500       ; 4.971      ; 1.881      ;
; -2.534 ; current_state.exec_state ; next_state.wait_state_2627 ; current_state.exec_state ; current_state.exec_state ; -0.500       ; 4.970      ; 2.222      ;
; -2.533 ; current_state.exec_state ; next_state.end_state_2609  ; current_state.exec_state ; current_state.exec_state ; -0.500       ; 4.971      ; 2.224      ;
; -0.864 ; current_state.wait_state ; next_state.exec_state_2618 ; CLK                      ; current_state.exec_state ; 0.000        ; 2.193      ; 1.329      ;
+--------+--------------------------+----------------------------+--------------------------+--------------------------+--------------+------------+------------+


+-------------------------------------------------------------------------------------------------------------------------------------------------------------+
; Slow Model Hold: 'current_state.end_state'                                                                                                                  ;
+--------+--------------------------+---------------------------+--------------------------+-------------------------+--------------+------------+------------+
; Slack  ; From Node                ; To Node                   ; Launch Clock             ; Latch Clock             ; Relationship ; Clock Skew ; Data Delay ;
+--------+--------------------------+---------------------------+--------------------------+-------------------------+--------------+------------+------------+
; -1.971 ; current_state.exec_state ; Zin[3]                    ; current_state.exec_state ; current_state.end_state ; 0.000        ; 3.713      ; 2.028      ;
; -1.858 ; current_state.exec_state ; CNTin[21]                 ; current_state.exec_state ; current_state.end_state ; 0.000        ; 3.550      ; 1.978      ;
; -1.823 ; current_state.exec_state ; Din[58]                   ; current_state.exec_state ; current_state.end_state ; 0.000        ; 3.742      ; 2.205      ;
; -1.818 ; current_state.exec_state ; Din[52]                   ; current_state.exec_state ; current_state.end_state ; 0.000        ; 3.736      ; 2.204      ;
; -1.814 ; current_state.exec_state ; Din[16]                   ; current_state.exec_state ; current_state.end_state ; 0.000        ; 3.740      ; 2.212      ;
; -1.814 ; current_state.exec_state ; Din[62]                   ; current_state.exec_state ; current_state.end_state ; 0.000        ; 3.744      ; 2.216      ;
; -1.812 ; current_state.exec_state ; Din[50]                   ; current_state.exec_state ; current_state.end_state ; 0.000        ; 3.737      ; 2.211      ;
; -1.809 ; current_state.exec_state ; Din[54]                   ; current_state.exec_state ; current_state.end_state ; 0.000        ; 3.741      ; 2.218      ;
; -1.805 ; current_state.exec_state ; Din[38]                   ; current_state.exec_state ; current_state.end_state ; 0.000        ; 3.736      ; 2.217      ;
; -1.804 ; current_state.exec_state ; Din[42]                   ; current_state.exec_state ; current_state.end_state ; 0.000        ; 3.736      ; 2.218      ;
; -1.795 ; current_state.exec_state ; \sqrt_sequential:Rvar[27] ; current_state.exec_state ; current_state.end_state ; 0.000        ; 3.717      ; 2.208      ;
; -1.787 ; current_state.exec_state ; CNTin[1]                  ; current_state.exec_state ; current_state.end_state ; 0.000        ; 3.612      ; 2.111      ;
; -1.719 ; current_state.exec_state ; CNTin[24]                 ; current_state.exec_state ; current_state.end_state ; 0.000        ; 3.762      ; 2.329      ;
; -1.718 ; current_state.exec_state ; CNTin[29]                 ; current_state.exec_state ; current_state.end_state ; 0.000        ; 3.761      ; 2.329      ;
; -1.691 ; current_state.exec_state ; Zin[22]                   ; current_state.exec_state ; current_state.end_state ; 0.000        ; 3.594      ; 2.189      ;
; -1.668 ; current_state.exec_state ; \sqrt_sequential:Rvar[63] ; current_state.exec_state ; current_state.end_state ; 0.000        ; 3.762      ; 2.380      ;
; -1.663 ; current_state.exec_state ; Zin[0]                    ; current_state.exec_state ; current_state.end_state ; 0.000        ; 3.761      ; 2.384      ;
; -1.600 ; current_state.exec_state ; CNTin[7]                  ; current_state.exec_state ; current_state.end_state ; 0.000        ; 3.607      ; 2.293      ;
; -1.598 ; current_state.exec_state ; \sqrt_sequential:Rvar[33] ; current_state.exec_state ; current_state.end_state ; 0.000        ; 3.746      ; 2.434      ;
; -1.560 ; current_state.exec_state ; Din[18]                   ; current_state.exec_state ; current_state.end_state ; 0.000        ; 3.741      ; 2.467      ;
; -1.559 ; current_state.exec_state ; CNTin[3]                  ; current_state.exec_state ; current_state.end_state ; 0.000        ; 3.607      ; 2.334      ;
; -1.557 ; current_state.exec_state ; Din[29]                   ; current_state.exec_state ; current_state.end_state ; 0.000        ; 3.797      ; 2.526      ;
; -1.547 ; current_state.exec_state ; Din[37]                   ; current_state.exec_state ; current_state.end_state ; 0.000        ; 3.736      ; 2.475      ;
; -1.545 ; current_state.exec_state ; Din[13]                   ; current_state.exec_state ; current_state.end_state ; 0.000        ; 3.730      ; 2.471      ;
; -1.544 ; current_state.exec_state ; CNTin[22]                 ; current_state.exec_state ; current_state.end_state ; 0.000        ; 3.604      ; 2.346      ;
; -1.543 ; current_state.exec_state ; CNTin[20]                 ; current_state.exec_state ; current_state.end_state ; 0.000        ; 3.603      ; 2.346      ;
; -1.542 ; current_state.exec_state ; Din[33]                   ; current_state.exec_state ; current_state.end_state ; 0.000        ; 3.736      ; 2.480      ;
; -1.540 ; current_state.exec_state ; Din[25]                   ; current_state.exec_state ; current_state.end_state ; 0.000        ; 3.796      ; 2.542      ;
; -1.538 ; current_state.exec_state ; Din[47]                   ; current_state.exec_state ; current_state.end_state ; 0.000        ; 3.737      ; 2.485      ;
; -1.536 ; current_state.exec_state ; Din[17]                   ; current_state.exec_state ; current_state.end_state ; 0.000        ; 3.791      ; 2.541      ;
; -1.536 ; current_state.exec_state ; Din[39]                   ; current_state.exec_state ; current_state.end_state ; 0.000        ; 3.736      ; 2.486      ;
; -1.533 ; current_state.exec_state ; Din[9]                    ; current_state.exec_state ; current_state.end_state ; 0.000        ; 3.731      ; 2.484      ;
; -1.532 ; current_state.exec_state ; Din[31]                   ; current_state.exec_state ; current_state.end_state ; 0.000        ; 3.793      ; 2.547      ;
; -1.529 ; current_state.exec_state ; Din[15]                   ; current_state.exec_state ; current_state.end_state ; 0.000        ; 3.730      ; 2.487      ;
; -1.520 ; current_state.exec_state ; Din[4]                    ; current_state.exec_state ; current_state.end_state ; 0.000        ; 3.731      ; 2.497      ;
; -1.518 ; current_state.exec_state ; Zin[30]                   ; current_state.exec_state ; current_state.end_state ; 0.000        ; 3.564      ; 2.332      ;
; -1.508 ; current_state.exec_state ; Din[12]                   ; current_state.exec_state ; current_state.end_state ; 0.000        ; 3.732      ; 2.510      ;
; -1.508 ; current_state.exec_state ; Zin[1]                    ; current_state.exec_state ; current_state.end_state ; 0.000        ; 3.597      ; 2.375      ;
; -1.503 ; current_state.exec_state ; Din[14]                   ; current_state.exec_state ; current_state.end_state ; 0.000        ; 3.731      ; 2.514      ;
; -1.503 ; current_state.exec_state ; Zin[2]                    ; current_state.exec_state ; current_state.end_state ; 0.000        ; 3.598      ; 2.381      ;
; -1.498 ; current_state.exec_state ; \sqrt_sequential:Rvar[8]  ; current_state.exec_state ; current_state.end_state ; 0.000        ; 3.598      ; 2.386      ;
; -1.495 ; current_state.exec_state ; Din[46]                   ; current_state.exec_state ; current_state.end_state ; 0.000        ; 3.575      ; 2.366      ;
; -1.495 ; current_state.exec_state ; Din[49]                   ; current_state.exec_state ; current_state.end_state ; 0.000        ; 3.728      ; 2.519      ;
; -1.494 ; current_state.exec_state ; Din[61]                   ; current_state.exec_state ; current_state.end_state ; 0.000        ; 3.730      ; 2.522      ;
; -1.493 ; current_state.exec_state ; Din[63]                   ; current_state.exec_state ; current_state.end_state ; 0.000        ; 3.730      ; 2.523      ;
; -1.492 ; current_state.exec_state ; Din[59]                   ; current_state.exec_state ; current_state.end_state ; 0.000        ; 3.730      ; 2.524      ;
; -1.485 ; current_state.exec_state ; \sqrt_sequential:Rvar[25] ; current_state.exec_state ; current_state.end_state ; 0.000        ; 3.636      ; 2.437      ;
; -1.483 ; current_state.exec_state ; Din[44]                   ; current_state.exec_state ; current_state.end_state ; 0.000        ; 3.573      ; 2.376      ;
; -1.483 ; current_state.exec_state ; Din[40]                   ; current_state.exec_state ; current_state.end_state ; 0.000        ; 3.575      ; 2.378      ;
; -1.482 ; current_state.exec_state ; Din[56]                   ; current_state.exec_state ; current_state.end_state ; 0.000        ; 3.563      ; 2.367      ;
; -1.482 ; current_state.exec_state ; Zin[21]                   ; current_state.exec_state ; current_state.end_state ; 0.000        ; 3.592      ; 2.396      ;
; -1.481 ; current_state.exec_state ; Din[60]                   ; current_state.exec_state ; current_state.end_state ; 0.000        ; 3.563      ; 2.368      ;
; -1.480 ; current_state.exec_state ; Din[48]                   ; current_state.exec_state ; current_state.end_state ; 0.000        ; 3.572      ; 2.378      ;
; -1.480 ; current_state.exec_state ; Zin[23]                   ; current_state.exec_state ; current_state.end_state ; 0.000        ; 3.595      ; 2.401      ;
; -1.479 ; current_state.exec_state ; Zin[11]                   ; current_state.exec_state ; current_state.end_state ; 0.000        ; 3.560      ; 2.367      ;
; -1.479 ; current_state.exec_state ; Zin[25]                   ; current_state.exec_state ; current_state.end_state ; 0.000        ; 3.593      ; 2.400      ;
; -1.475 ; current_state.exec_state ; Din[20]                   ; current_state.exec_state ; current_state.end_state ; 0.000        ; 3.563      ; 2.374      ;
; -1.471 ; current_state.exec_state ; Zin[3]                    ; current_state.exec_state ; current_state.end_state ; -0.500       ; 3.713      ; 2.028      ;
; -1.467 ; current_state.exec_state ; Zin[17]                   ; current_state.exec_state ; current_state.end_state ; 0.000        ; 3.764      ; 2.583      ;
; -1.463 ; current_state.exec_state ; \sqrt_sequential:Rvar[26] ; current_state.exec_state ; current_state.end_state ; 0.000        ; 3.638      ; 2.461      ;
; -1.462 ; current_state.exec_state ; \sqrt_sequential:Rvar[58] ; current_state.exec_state ; current_state.end_state ; 0.000        ; 3.741      ; 2.565      ;
; -1.460 ; current_state.exec_state ; Din[30]                   ; current_state.exec_state ; current_state.end_state ; 0.000        ; 3.726      ; 2.552      ;
; -1.458 ; current_state.exec_state ; \sqrt_sequential:Rvar[22] ; current_state.exec_state ; current_state.end_state ; 0.000        ; 3.638      ; 2.466      ;
; -1.458 ; current_state.exec_state ; \sqrt_sequential:Rvar[24] ; current_state.exec_state ; current_state.end_state ; 0.000        ; 3.636      ; 2.464      ;
; -1.457 ; current_state.exec_state ; \sqrt_sequential:Rvar[21] ; current_state.exec_state ; current_state.end_state ; 0.000        ; 3.635      ; 2.464      ;
; -1.450 ; current_state.exec_state ; Zin[26]                   ; current_state.exec_state ; current_state.end_state ; 0.000        ; 3.577      ; 2.413      ;
; -1.448 ; current_state.exec_state ; Din[22]                   ; current_state.exec_state ; current_state.end_state ; 0.000        ; 3.725      ; 2.563      ;
; -1.444 ; current_state.exec_state ; \sqrt_sequential:Rvar[47] ; current_state.exec_state ; current_state.end_state ; 0.000        ; 3.640      ; 2.482      ;
; -1.443 ; current_state.exec_state ; Zin[24]                   ; current_state.exec_state ; current_state.end_state ; 0.000        ; 3.591      ; 2.434      ;
; -1.441 ; current_state.exec_state ; Zin[27]                   ; current_state.exec_state ; current_state.end_state ; 0.000        ; 3.591      ; 2.436      ;
; -1.440 ; current_state.exec_state ; \sqrt_sequential:Rvar[12] ; current_state.exec_state ; current_state.end_state ; 0.000        ; 3.607      ; 2.453      ;
; -1.437 ; current_state.exec_state ; \sqrt_sequential:Rvar[42] ; current_state.exec_state ; current_state.end_state ; 0.000        ; 3.636      ; 2.485      ;
; -1.430 ; current_state.exec_state ; \sqrt_sequential:Rvar[45] ; current_state.exec_state ; current_state.end_state ; 0.000        ; 3.637      ; 2.493      ;
; -1.427 ; current_state.exec_state ; Din[36]                   ; current_state.exec_state ; current_state.end_state ; 0.000        ; 3.708      ; 2.567      ;
; -1.427 ; current_state.exec_state ; \sqrt_sequential:Rvar[50] ; current_state.exec_state ; current_state.end_state ; 0.000        ; 3.621      ; 2.480      ;
; -1.426 ; current_state.exec_state ; Din[28]                   ; current_state.exec_state ; current_state.end_state ; 0.000        ; 3.706      ; 2.566      ;
; -1.402 ; current_state.exec_state ; Zin[5]                    ; current_state.exec_state ; current_state.end_state ; 0.000        ; 3.748      ; 2.632      ;
; -1.401 ; current_state.exec_state ; CNTin[5]                  ; current_state.exec_state ; current_state.end_state ; 0.000        ; 3.606      ; 2.491      ;
; -1.400 ; current_state.exec_state ; CNTin[6]                  ; current_state.exec_state ; current_state.end_state ; 0.000        ; 3.606      ; 2.492      ;
; -1.398 ; current_state.exec_state ; \sqrt_sequential:Rvar[4]  ; current_state.exec_state ; current_state.end_state ; 0.000        ; 3.638      ; 2.526      ;
; -1.397 ; current_state.exec_state ; CNTin[4]                  ; current_state.exec_state ; current_state.end_state ; 0.000        ; 3.603      ; 2.492      ;
; -1.396 ; current_state.exec_state ; Din[26]                   ; current_state.exec_state ; current_state.end_state ; 0.000        ; 3.591      ; 2.481      ;
; -1.384 ; current_state.exec_state ; \sqrt_sequential:Rvar[41] ; current_state.exec_state ; current_state.end_state ; 0.000        ; 3.638      ; 2.540      ;
; -1.383 ; current_state.exec_state ; Din[55]                   ; current_state.exec_state ; current_state.end_state ; 0.000        ; 3.580      ; 2.483      ;
; -1.365 ; current_state.exec_state ; CNTin[18]                 ; current_state.exec_state ; current_state.end_state ; 0.000        ; 3.603      ; 2.524      ;
; -1.358 ; current_state.exec_state ; CNTin[21]                 ; current_state.exec_state ; current_state.end_state ; -0.500       ; 3.550      ; 1.978      ;
; -1.355 ; current_state.exec_state ; CNTin[28]                 ; current_state.exec_state ; current_state.end_state ; 0.000        ; 3.760      ; 2.691      ;
; -1.355 ; current_state.exec_state ; CNTin[31]                 ; current_state.exec_state ; current_state.end_state ; 0.000        ; 3.759      ; 2.690      ;
; -1.354 ; current_state.exec_state ; CNTin[27]                 ; current_state.exec_state ; current_state.end_state ; 0.000        ; 3.917      ; 2.849      ;
; -1.351 ; current_state.exec_state ; CNTin[23]                 ; current_state.exec_state ; current_state.end_state ; 0.000        ; 3.606      ; 2.541      ;
; -1.349 ; current_state.exec_state ; Zin[20]                   ; current_state.exec_state ; current_state.end_state ; 0.000        ; 3.610      ; 2.547      ;
; -1.348 ; current_state.exec_state ; \sqrt_sequential:Rvar[17] ; current_state.exec_state ; current_state.end_state ; 0.000        ; 3.720      ; 2.658      ;
; -1.346 ; current_state.exec_state ; \sqrt_sequential:Rvar[13] ; current_state.exec_state ; current_state.end_state ; 0.000        ; 3.721      ; 2.661      ;
; -1.346 ; current_state.exec_state ; \sqrt_sequential:Rvar[23] ; current_state.exec_state ; current_state.end_state ; 0.000        ; 3.732      ; 2.672      ;
; -1.345 ; current_state.exec_state ; \sqrt_sequential:Rvar[51] ; current_state.exec_state ; current_state.end_state ; 0.000        ; 3.737      ; 2.678      ;
; -1.340 ; current_state.exec_state ; \sqrt_sequential:Rvar[7]  ; current_state.exec_state ; current_state.end_state ; 0.000        ; 3.601      ; 2.547      ;
; -1.340 ; current_state.exec_state ; \sqrt_sequential:Rvar[49] ; current_state.exec_state ; current_state.end_state ; 0.000        ; 3.739      ; 2.685      ;
; -1.336 ; current_state.exec_state ; CNTin[0]                  ; current_state.exec_state ; current_state.end_state ; 0.000        ; 3.601      ; 2.551      ;
; -1.336 ; current_state.exec_state ; \sqrt_sequential:Rvar[3]  ; current_state.exec_state ; current_state.end_state ; 0.000        ; 3.602      ; 2.552      ;
; -1.334 ; current_state.exec_state ; CNTin[19]                 ; current_state.exec_state ; current_state.end_state ; 0.000        ; 3.604      ; 2.556      ;
+--------+--------------------------+---------------------------+--------------------------+-------------------------+--------------+------------+------------+


+--------------------------------------------------------------------------------------------------------------+
; Slow Model Hold: 'CLK'                                                                                       ;
+-------+-----------+---------+-------------------------+-------------+--------------+------------+------------+
; Slack ; From Node ; To Node ; Launch Clock            ; Latch Clock ; Relationship ; Clock Skew ; Data Delay ;
+-------+-----------+---------+-------------------------+-------------+--------------+------------+------------+
; 0.441 ; Zin[30]   ; Z[30]   ; current_state.end_state ; CLK         ; 0.000        ; -0.637     ; 0.100      ;
; 0.443 ; CNTin[18] ; CNT[18] ; current_state.end_state ; CLK         ; 0.000        ; -0.639     ; 0.100      ;
; 0.443 ; CNTin[20] ; CNT[20] ; current_state.end_state ; CLK         ; 0.000        ; -0.639     ; 0.100      ;
; 0.444 ; CNTin[19] ; CNT[19] ; current_state.end_state ; CLK         ; 0.000        ; -0.640     ; 0.100      ;
; 0.444 ; CNTin[22] ; CNT[22] ; current_state.end_state ; CLK         ; 0.000        ; -0.640     ; 0.100      ;
; 0.446 ; CNTin[16] ; CNT[16] ; current_state.end_state ; CLK         ; 0.000        ; -0.642     ; 0.100      ;
; 0.446 ; CNTin[17] ; CNT[17] ; current_state.end_state ; CLK         ; 0.000        ; -0.642     ; 0.100      ;
; 0.446 ; CNTin[23] ; CNT[23] ; current_state.end_state ; CLK         ; 0.000        ; -0.642     ; 0.100      ;
; 0.447 ; Din[0]    ; D[0]    ; current_state.end_state ; CLK         ; 0.000        ; -0.643     ; 0.100      ;
; 0.447 ; Zin[11]   ; Z[11]   ; current_state.end_state ; CLK         ; 0.000        ; -0.643     ; 0.100      ;
; 0.452 ; Zin[26]   ; Z[26]   ; current_state.end_state ; CLK         ; 0.000        ; -0.648     ; 0.100      ;
; 0.452 ; Zin[28]   ; Z[28]   ; current_state.end_state ; CLK         ; 0.000        ; -0.648     ; 0.100      ;
; 0.453 ; Din[20]   ; D[20]   ; current_state.end_state ; CLK         ; 0.000        ; -0.649     ; 0.100      ;
; 0.453 ; Din[56]   ; D[56]   ; current_state.end_state ; CLK         ; 0.000        ; -0.649     ; 0.100      ;
; 0.453 ; Din[60]   ; D[60]   ; current_state.end_state ; CLK         ; 0.000        ; -0.649     ; 0.100      ;
; 0.462 ; Din[48]   ; D[48]   ; current_state.end_state ; CLK         ; 0.000        ; -0.658     ; 0.100      ;
; 0.462 ; Din[35]   ; D[35]   ; current_state.end_state ; CLK         ; 0.000        ; -0.658     ; 0.100      ;
; 0.463 ; Din[44]   ; D[44]   ; current_state.end_state ; CLK         ; 0.000        ; -0.659     ; 0.100      ;
; 0.463 ; Din[43]   ; D[43]   ; current_state.end_state ; CLK         ; 0.000        ; -0.659     ; 0.100      ;
; 0.463 ; Din[57]   ; D[57]   ; current_state.end_state ; CLK         ; 0.000        ; -0.659     ; 0.100      ;
; 0.464 ; Din[2]    ; D[2]    ; current_state.end_state ; CLK         ; 0.000        ; -0.660     ; 0.100      ;
; 0.464 ; Din[6]    ; D[6]    ; current_state.end_state ; CLK         ; 0.000        ; -0.660     ; 0.100      ;
; 0.464 ; Din[8]    ; D[8]    ; current_state.end_state ; CLK         ; 0.000        ; -0.660     ; 0.100      ;
; 0.464 ; Din[41]   ; D[41]   ; current_state.end_state ; CLK         ; 0.000        ; -0.660     ; 0.100      ;
; 0.464 ; Din[53]   ; D[53]   ; current_state.end_state ; CLK         ; 0.000        ; -0.660     ; 0.100      ;
; 0.465 ; Din[10]   ; D[10]   ; current_state.end_state ; CLK         ; 0.000        ; -0.661     ; 0.100      ;
; 0.465 ; Din[40]   ; D[40]   ; current_state.end_state ; CLK         ; 0.000        ; -0.661     ; 0.100      ;
; 0.465 ; Din[46]   ; D[46]   ; current_state.end_state ; CLK         ; 0.000        ; -0.661     ; 0.100      ;
; 0.465 ; Din[45]   ; D[45]   ; current_state.end_state ; CLK         ; 0.000        ; -0.661     ; 0.100      ;
; 0.465 ; Din[51]   ; D[51]   ; current_state.end_state ; CLK         ; 0.000        ; -0.661     ; 0.100      ;
; 0.465 ; Din[55]   ; D[55]   ; current_state.end_state ; CLK         ; 0.000        ; -0.661     ; 0.100      ;
; 0.465 ; Zin[6]    ; Z[6]    ; current_state.end_state ; CLK         ; 0.000        ; -0.661     ; 0.100      ;
; 0.465 ; Zin[9]    ; Z[9]    ; current_state.end_state ; CLK         ; 0.000        ; -0.661     ; 0.100      ;
; 0.466 ; Zin[4]    ; Z[4]    ; current_state.end_state ; CLK         ; 0.000        ; -0.662     ; 0.100      ;
; 0.467 ; Zin[24]   ; Z[24]   ; current_state.end_state ; CLK         ; 0.000        ; -0.663     ; 0.100      ;
; 0.467 ; Zin[27]   ; Z[27]   ; current_state.end_state ; CLK         ; 0.000        ; -0.663     ; 0.100      ;
; 0.468 ; Zin[21]   ; Z[21]   ; current_state.end_state ; CLK         ; 0.000        ; -0.664     ; 0.100      ;
; 0.469 ; Din[21]   ; D[21]   ; current_state.end_state ; CLK         ; 0.000        ; -0.665     ; 0.100      ;
; 0.469 ; Zin[25]   ; Z[25]   ; current_state.end_state ; CLK         ; 0.000        ; -0.665     ; 0.100      ;
; 0.470 ; Zin[22]   ; Z[22]   ; current_state.end_state ; CLK         ; 0.000        ; -0.666     ; 0.100      ;
; 0.471 ; Din[27]   ; D[27]   ; current_state.end_state ; CLK         ; 0.000        ; -0.667     ; 0.100      ;
; 0.471 ; Zin[23]   ; Z[23]   ; current_state.end_state ; CLK         ; 0.000        ; -0.667     ; 0.100      ;
; 0.472 ; Din[19]   ; D[19]   ; current_state.end_state ; CLK         ; 0.000        ; -0.668     ; 0.100      ;
; 0.472 ; Din[23]   ; D[23]   ; current_state.end_state ; CLK         ; 0.000        ; -0.668     ; 0.100      ;
; 0.474 ; Din[7]    ; D[7]    ; current_state.end_state ; CLK         ; 0.000        ; -0.670     ; 0.100      ;
; 0.475 ; Din[3]    ; D[3]    ; current_state.end_state ; CLK         ; 0.000        ; -0.671     ; 0.100      ;
; 0.475 ; Din[5]    ; D[5]    ; current_state.end_state ; CLK         ; 0.000        ; -0.671     ; 0.100      ;
; 0.475 ; Zin[1]    ; Z[1]    ; current_state.end_state ; CLK         ; 0.000        ; -0.671     ; 0.100      ;
; 0.476 ; Din[1]    ; D[1]    ; current_state.end_state ; CLK         ; 0.000        ; -0.672     ; 0.100      ;
; 0.476 ; Din[11]   ; D[11]   ; current_state.end_state ; CLK         ; 0.000        ; -0.672     ; 0.100      ;
; 0.476 ; Zin[2]    ; Z[2]    ; current_state.end_state ; CLK         ; 0.000        ; -0.672     ; 0.100      ;
; 0.484 ; CNTin[9]  ; CNT[9]  ; current_state.end_state ; CLK         ; 0.000        ; -0.680     ; 0.100      ;
; 0.486 ; CNTin[12] ; CNT[12] ; current_state.end_state ; CLK         ; 0.000        ; -0.682     ; 0.100      ;
; 0.486 ; CNTin[14] ; CNT[14] ; current_state.end_state ; CLK         ; 0.000        ; -0.682     ; 0.100      ;
; 0.487 ; Din[34]   ; D[34]   ; current_state.end_state ; CLK         ; 0.000        ; -0.683     ; 0.100      ;
; 0.487 ; CNTin[8]  ; CNT[8]  ; current_state.end_state ; CLK         ; 0.000        ; -0.683     ; 0.100      ;
; 0.487 ; CNTin[15] ; CNT[15] ; current_state.end_state ; CLK         ; 0.000        ; -0.683     ; 0.100      ;
; 0.488 ; Din[24]   ; D[24]   ; current_state.end_state ; CLK         ; 0.000        ; -0.684     ; 0.100      ;
; 0.488 ; Din[26]   ; D[26]   ; current_state.end_state ; CLK         ; 0.000        ; -0.684     ; 0.100      ;
; 0.488 ; CNTin[10] ; CNT[10] ; current_state.end_state ; CLK         ; 0.000        ; -0.684     ; 0.100      ;
; 0.488 ; CNTin[11] ; CNT[11] ; current_state.end_state ; CLK         ; 0.000        ; -0.684     ; 0.100      ;
; 0.490 ; Din[32]   ; D[32]   ; current_state.end_state ; CLK         ; 0.000        ; -0.686     ; 0.100      ;
; 0.492 ; Zin[20]   ; Z[20]   ; current_state.end_state ; CLK         ; 0.000        ; -0.688     ; 0.100      ;
; 0.493 ; CNTin[0]  ; CNT[0]  ; current_state.end_state ; CLK         ; 0.000        ; -0.689     ; 0.100      ;
; 0.494 ; Zin[15]   ; Z[15]   ; current_state.end_state ; CLK         ; 0.000        ; -0.690     ; 0.100      ;
; 0.495 ; Zin[16]   ; Z[16]   ; current_state.end_state ; CLK         ; 0.000        ; -0.691     ; 0.100      ;
; 0.495 ; Zin[19]   ; Z[19]   ; current_state.end_state ; CLK         ; 0.000        ; -0.691     ; 0.100      ;
; 0.496 ; Zin[18]   ; Z[18]   ; current_state.end_state ; CLK         ; 0.000        ; -0.692     ; 0.100      ;
; 0.508 ; CNTin[2]  ; CNT[2]  ; current_state.end_state ; CLK         ; 0.000        ; -0.704     ; 0.100      ;
; 0.510 ; CNTin[4]  ; CNT[4]  ; current_state.end_state ; CLK         ; 0.000        ; -0.706     ; 0.100      ;
; 0.513 ; CNTin[5]  ; CNT[5]  ; current_state.end_state ; CLK         ; 0.000        ; -0.709     ; 0.100      ;
; 0.513 ; CNTin[6]  ; CNT[6]  ; current_state.end_state ; CLK         ; 0.000        ; -0.709     ; 0.100      ;
; 0.514 ; CNTin[3]  ; CNT[3]  ; current_state.end_state ; CLK         ; 0.000        ; -0.710     ; 0.100      ;
; 0.514 ; CNTin[7]  ; CNT[7]  ; current_state.end_state ; CLK         ; 0.000        ; -0.710     ; 0.100      ;
; 0.544 ; CNTin[30] ; CNT[30] ; current_state.end_state ; CLK         ; 0.000        ; -0.740     ; 0.100      ;
; 0.591 ; Zin[3]    ; Z[3]    ; current_state.end_state ; CLK         ; 0.000        ; -0.787     ; 0.100      ;
; 0.591 ; CNTin[31] ; CNT[31] ; current_state.end_state ; CLK         ; 0.000        ; -0.787     ; 0.100      ;
; 0.592 ; CNTin[28] ; CNT[28] ; current_state.end_state ; CLK         ; 0.000        ; -0.788     ; 0.100      ;
; 0.593 ; CNTin[29] ; CNT[29] ; current_state.end_state ; CLK         ; 0.000        ; -0.789     ; 0.100      ;
; 0.594 ; CNTin[24] ; CNT[24] ; current_state.end_state ; CLK         ; 0.000        ; -0.790     ; 0.100      ;
; 0.594 ; CNTin[26] ; CNT[26] ; current_state.end_state ; CLK         ; 0.000        ; -0.790     ; 0.100      ;
; 0.603 ; Din[28]   ; D[28]   ; current_state.end_state ; CLK         ; 0.000        ; -0.799     ; 0.100      ;
; 0.604 ; CNTin[25] ; CNT[25] ; current_state.end_state ; CLK         ; 0.000        ; -0.800     ; 0.100      ;
; 0.605 ; Din[36]   ; D[36]   ; current_state.end_state ; CLK         ; 0.000        ; -0.801     ; 0.100      ;
; 0.608 ; Din[13]   ; D[13]   ; current_state.end_state ; CLK         ; 0.000        ; -0.804     ; 0.100      ;
; 0.608 ; Din[15]   ; D[15]   ; current_state.end_state ; CLK         ; 0.000        ; -0.804     ; 0.100      ;
; 0.609 ; Din[9]    ; D[9]    ; current_state.end_state ; CLK         ; 0.000        ; -0.805     ; 0.100      ;
; 0.613 ; Din[33]   ; D[33]   ; current_state.end_state ; CLK         ; 0.000        ; -0.809     ; 0.100      ;
; 0.613 ; Din[37]   ; D[37]   ; current_state.end_state ; CLK         ; 0.000        ; -0.809     ; 0.100      ;
; 0.613 ; Din[39]   ; D[39]   ; current_state.end_state ; CLK         ; 0.000        ; -0.809     ; 0.100      ;
; 0.613 ; Din[49]   ; D[49]   ; current_state.end_state ; CLK         ; 0.000        ; -0.809     ; 0.100      ;
; 0.614 ; Din[47]   ; D[47]   ; current_state.end_state ; CLK         ; 0.000        ; -0.810     ; 0.100      ;
; 0.615 ; Din[59]   ; D[59]   ; current_state.end_state ; CLK         ; 0.000        ; -0.811     ; 0.100      ;
; 0.615 ; Din[61]   ; D[61]   ; current_state.end_state ; CLK         ; 0.000        ; -0.811     ; 0.100      ;
; 0.615 ; Din[63]   ; D[63]   ; current_state.end_state ; CLK         ; 0.000        ; -0.811     ; 0.100      ;
; 0.620 ; Din[4]    ; D[4]    ; current_state.end_state ; CLK         ; 0.000        ; -0.816     ; 0.100      ;
; 0.620 ; Din[14]   ; D[14]   ; current_state.end_state ; CLK         ; 0.000        ; -0.816     ; 0.100      ;
; 0.621 ; Din[12]   ; D[12]   ; current_state.end_state ; CLK         ; 0.000        ; -0.817     ; 0.100      ;
; 0.622 ; Din[22]   ; D[22]   ; current_state.end_state ; CLK         ; 0.000        ; -0.818     ; 0.100      ;
; 0.623 ; Din[30]   ; D[30]   ; current_state.end_state ; CLK         ; 0.000        ; -0.819     ; 0.100      ;
+-------+-----------+---------+-------------------------+-------------+--------------+------------+------------+


+------------------------------------------------------------------------------------------+
; Slow Model Minimum Pulse Width: 'CLK'                                                    ;
+--------+--------------+----------------+------------------+-------+------------+---------+
; Slack  ; Actual Width ; Required Width ; Type             ; Clock ; Clock Edge ; Target  ;
+--------+--------------+----------------+------------------+-------+------------+---------+
; -1.631 ; 1.000        ; 2.631          ; Port Rate        ; CLK   ; Rise       ; CLK     ;
; -0.611 ; 0.500        ; 1.111          ; High Pulse Width ; CLK   ; Rise       ; CNT[0]  ;
; -0.611 ; 0.500        ; 1.111          ; Low Pulse Width  ; CLK   ; Rise       ; CNT[0]  ;
; -0.611 ; 0.500        ; 1.111          ; High Pulse Width ; CLK   ; Rise       ; CNT[10] ;
; -0.611 ; 0.500        ; 1.111          ; Low Pulse Width  ; CLK   ; Rise       ; CNT[10] ;
; -0.611 ; 0.500        ; 1.111          ; High Pulse Width ; CLK   ; Rise       ; CNT[11] ;
; -0.611 ; 0.500        ; 1.111          ; Low Pulse Width  ; CLK   ; Rise       ; CNT[11] ;
; -0.611 ; 0.500        ; 1.111          ; High Pulse Width ; CLK   ; Rise       ; CNT[12] ;
; -0.611 ; 0.500        ; 1.111          ; Low Pulse Width  ; CLK   ; Rise       ; CNT[12] ;
; -0.611 ; 0.500        ; 1.111          ; High Pulse Width ; CLK   ; Rise       ; CNT[13] ;
; -0.611 ; 0.500        ; 1.111          ; Low Pulse Width  ; CLK   ; Rise       ; CNT[13] ;
; -0.611 ; 0.500        ; 1.111          ; High Pulse Width ; CLK   ; Rise       ; CNT[14] ;
; -0.611 ; 0.500        ; 1.111          ; Low Pulse Width  ; CLK   ; Rise       ; CNT[14] ;
; -0.611 ; 0.500        ; 1.111          ; High Pulse Width ; CLK   ; Rise       ; CNT[15] ;
; -0.611 ; 0.500        ; 1.111          ; Low Pulse Width  ; CLK   ; Rise       ; CNT[15] ;
; -0.611 ; 0.500        ; 1.111          ; High Pulse Width ; CLK   ; Rise       ; CNT[16] ;
; -0.611 ; 0.500        ; 1.111          ; Low Pulse Width  ; CLK   ; Rise       ; CNT[16] ;
; -0.611 ; 0.500        ; 1.111          ; High Pulse Width ; CLK   ; Rise       ; CNT[17] ;
; -0.611 ; 0.500        ; 1.111          ; Low Pulse Width  ; CLK   ; Rise       ; CNT[17] ;
; -0.611 ; 0.500        ; 1.111          ; High Pulse Width ; CLK   ; Rise       ; CNT[18] ;
; -0.611 ; 0.500        ; 1.111          ; Low Pulse Width  ; CLK   ; Rise       ; CNT[18] ;
; -0.611 ; 0.500        ; 1.111          ; High Pulse Width ; CLK   ; Rise       ; CNT[19] ;
; -0.611 ; 0.500        ; 1.111          ; Low Pulse Width  ; CLK   ; Rise       ; CNT[19] ;
; -0.611 ; 0.500        ; 1.111          ; High Pulse Width ; CLK   ; Rise       ; CNT[1]  ;
; -0.611 ; 0.500        ; 1.111          ; Low Pulse Width  ; CLK   ; Rise       ; CNT[1]  ;
; -0.611 ; 0.500        ; 1.111          ; High Pulse Width ; CLK   ; Rise       ; CNT[20] ;
; -0.611 ; 0.500        ; 1.111          ; Low Pulse Width  ; CLK   ; Rise       ; CNT[20] ;
; -0.611 ; 0.500        ; 1.111          ; High Pulse Width ; CLK   ; Rise       ; CNT[21] ;
; -0.611 ; 0.500        ; 1.111          ; Low Pulse Width  ; CLK   ; Rise       ; CNT[21] ;
; -0.611 ; 0.500        ; 1.111          ; High Pulse Width ; CLK   ; Rise       ; CNT[22] ;
; -0.611 ; 0.500        ; 1.111          ; Low Pulse Width  ; CLK   ; Rise       ; CNT[22] ;
; -0.611 ; 0.500        ; 1.111          ; High Pulse Width ; CLK   ; Rise       ; CNT[23] ;
; -0.611 ; 0.500        ; 1.111          ; Low Pulse Width  ; CLK   ; Rise       ; CNT[23] ;
; -0.611 ; 0.500        ; 1.111          ; High Pulse Width ; CLK   ; Rise       ; CNT[24] ;
; -0.611 ; 0.500        ; 1.111          ; Low Pulse Width  ; CLK   ; Rise       ; CNT[24] ;
; -0.611 ; 0.500        ; 1.111          ; High Pulse Width ; CLK   ; Rise       ; CNT[25] ;
; -0.611 ; 0.500        ; 1.111          ; Low Pulse Width  ; CLK   ; Rise       ; CNT[25] ;
; -0.611 ; 0.500        ; 1.111          ; High Pulse Width ; CLK   ; Rise       ; CNT[26] ;
; -0.611 ; 0.500        ; 1.111          ; Low Pulse Width  ; CLK   ; Rise       ; CNT[26] ;
; -0.611 ; 0.500        ; 1.111          ; High Pulse Width ; CLK   ; Rise       ; CNT[27] ;
; -0.611 ; 0.500        ; 1.111          ; Low Pulse Width  ; CLK   ; Rise       ; CNT[27] ;
; -0.611 ; 0.500        ; 1.111          ; High Pulse Width ; CLK   ; Rise       ; CNT[28] ;
; -0.611 ; 0.500        ; 1.111          ; Low Pulse Width  ; CLK   ; Rise       ; CNT[28] ;
; -0.611 ; 0.500        ; 1.111          ; High Pulse Width ; CLK   ; Rise       ; CNT[29] ;
; -0.611 ; 0.500        ; 1.111          ; Low Pulse Width  ; CLK   ; Rise       ; CNT[29] ;
; -0.611 ; 0.500        ; 1.111          ; High Pulse Width ; CLK   ; Rise       ; CNT[2]  ;
; -0.611 ; 0.500        ; 1.111          ; Low Pulse Width  ; CLK   ; Rise       ; CNT[2]  ;
; -0.611 ; 0.500        ; 1.111          ; High Pulse Width ; CLK   ; Rise       ; CNT[30] ;
; -0.611 ; 0.500        ; 1.111          ; Low Pulse Width  ; CLK   ; Rise       ; CNT[30] ;
; -0.611 ; 0.500        ; 1.111          ; High Pulse Width ; CLK   ; Rise       ; CNT[31] ;
; -0.611 ; 0.500        ; 1.111          ; Low Pulse Width  ; CLK   ; Rise       ; CNT[31] ;
; -0.611 ; 0.500        ; 1.111          ; High Pulse Width ; CLK   ; Rise       ; CNT[3]  ;
; -0.611 ; 0.500        ; 1.111          ; Low Pulse Width  ; CLK   ; Rise       ; CNT[3]  ;
; -0.611 ; 0.500        ; 1.111          ; High Pulse Width ; CLK   ; Rise       ; CNT[4]  ;
; -0.611 ; 0.500        ; 1.111          ; Low Pulse Width  ; CLK   ; Rise       ; CNT[4]  ;
; -0.611 ; 0.500        ; 1.111          ; High Pulse Width ; CLK   ; Rise       ; CNT[5]  ;
; -0.611 ; 0.500        ; 1.111          ; Low Pulse Width  ; CLK   ; Rise       ; CNT[5]  ;
; -0.611 ; 0.500        ; 1.111          ; High Pulse Width ; CLK   ; Rise       ; CNT[6]  ;
; -0.611 ; 0.500        ; 1.111          ; Low Pulse Width  ; CLK   ; Rise       ; CNT[6]  ;
; -0.611 ; 0.500        ; 1.111          ; High Pulse Width ; CLK   ; Rise       ; CNT[7]  ;
; -0.611 ; 0.500        ; 1.111          ; Low Pulse Width  ; CLK   ; Rise       ; CNT[7]  ;
; -0.611 ; 0.500        ; 1.111          ; High Pulse Width ; CLK   ; Rise       ; CNT[8]  ;
; -0.611 ; 0.500        ; 1.111          ; Low Pulse Width  ; CLK   ; Rise       ; CNT[8]  ;
; -0.611 ; 0.500        ; 1.111          ; High Pulse Width ; CLK   ; Rise       ; CNT[9]  ;
; -0.611 ; 0.500        ; 1.111          ; Low Pulse Width  ; CLK   ; Rise       ; CNT[9]  ;
; -0.611 ; 0.500        ; 1.111          ; High Pulse Width ; CLK   ; Rise       ; D[0]    ;
; -0.611 ; 0.500        ; 1.111          ; Low Pulse Width  ; CLK   ; Rise       ; D[0]    ;
; -0.611 ; 0.500        ; 1.111          ; High Pulse Width ; CLK   ; Rise       ; D[10]   ;
; -0.611 ; 0.500        ; 1.111          ; Low Pulse Width  ; CLK   ; Rise       ; D[10]   ;
; -0.611 ; 0.500        ; 1.111          ; High Pulse Width ; CLK   ; Rise       ; D[11]   ;
; -0.611 ; 0.500        ; 1.111          ; Low Pulse Width  ; CLK   ; Rise       ; D[11]   ;
; -0.611 ; 0.500        ; 1.111          ; High Pulse Width ; CLK   ; Rise       ; D[12]   ;
; -0.611 ; 0.500        ; 1.111          ; Low Pulse Width  ; CLK   ; Rise       ; D[12]   ;
; -0.611 ; 0.500        ; 1.111          ; High Pulse Width ; CLK   ; Rise       ; D[13]   ;
; -0.611 ; 0.500        ; 1.111          ; Low Pulse Width  ; CLK   ; Rise       ; D[13]   ;
; -0.611 ; 0.500        ; 1.111          ; High Pulse Width ; CLK   ; Rise       ; D[14]   ;
; -0.611 ; 0.500        ; 1.111          ; Low Pulse Width  ; CLK   ; Rise       ; D[14]   ;
; -0.611 ; 0.500        ; 1.111          ; High Pulse Width ; CLK   ; Rise       ; D[15]   ;
; -0.611 ; 0.500        ; 1.111          ; Low Pulse Width  ; CLK   ; Rise       ; D[15]   ;
; -0.611 ; 0.500        ; 1.111          ; High Pulse Width ; CLK   ; Rise       ; D[16]   ;
; -0.611 ; 0.500        ; 1.111          ; Low Pulse Width  ; CLK   ; Rise       ; D[16]   ;
; -0.611 ; 0.500        ; 1.111          ; High Pulse Width ; CLK   ; Rise       ; D[17]   ;
; -0.611 ; 0.500        ; 1.111          ; Low Pulse Width  ; CLK   ; Rise       ; D[17]   ;
; -0.611 ; 0.500        ; 1.111          ; High Pulse Width ; CLK   ; Rise       ; D[18]   ;
; -0.611 ; 0.500        ; 1.111          ; Low Pulse Width  ; CLK   ; Rise       ; D[18]   ;
; -0.611 ; 0.500        ; 1.111          ; High Pulse Width ; CLK   ; Rise       ; D[19]   ;
; -0.611 ; 0.500        ; 1.111          ; Low Pulse Width  ; CLK   ; Rise       ; D[19]   ;
; -0.611 ; 0.500        ; 1.111          ; High Pulse Width ; CLK   ; Rise       ; D[1]    ;
; -0.611 ; 0.500        ; 1.111          ; Low Pulse Width  ; CLK   ; Rise       ; D[1]    ;
; -0.611 ; 0.500        ; 1.111          ; High Pulse Width ; CLK   ; Rise       ; D[20]   ;
; -0.611 ; 0.500        ; 1.111          ; Low Pulse Width  ; CLK   ; Rise       ; D[20]   ;
; -0.611 ; 0.500        ; 1.111          ; High Pulse Width ; CLK   ; Rise       ; D[21]   ;
; -0.611 ; 0.500        ; 1.111          ; Low Pulse Width  ; CLK   ; Rise       ; D[21]   ;
; -0.611 ; 0.500        ; 1.111          ; High Pulse Width ; CLK   ; Rise       ; D[22]   ;
; -0.611 ; 0.500        ; 1.111          ; Low Pulse Width  ; CLK   ; Rise       ; D[22]   ;
; -0.611 ; 0.500        ; 1.111          ; High Pulse Width ; CLK   ; Rise       ; D[23]   ;
; -0.611 ; 0.500        ; 1.111          ; Low Pulse Width  ; CLK   ; Rise       ; D[23]   ;
; -0.611 ; 0.500        ; 1.111          ; High Pulse Width ; CLK   ; Rise       ; D[24]   ;
; -0.611 ; 0.500        ; 1.111          ; Low Pulse Width  ; CLK   ; Rise       ; D[24]   ;
; -0.611 ; 0.500        ; 1.111          ; High Pulse Width ; CLK   ; Rise       ; D[25]   ;
+--------+--------------+----------------+------------------+-------+------------+---------+


+-------------------------------------------------------------------------------------------------------------------+
; Slow Model Minimum Pulse Width: 'CNT[0]'                                                                          ;
+-------+--------------+----------------+------------------+--------+------------+----------------------------------+
; Slack ; Actual Width ; Required Width ; Type             ; Clock  ; Clock Edge ; Target                           ;
+-------+--------------+----------------+------------------+--------+------------+----------------------------------+
; 0.500 ; 0.500        ; 0.000          ; High Pulse Width ; CNT[0] ; Rise       ; CNT[0]|regout                    ;
; 0.500 ; 0.500        ; 0.000          ; Low Pulse Width  ; CNT[0] ; Rise       ; CNT[0]|regout                    ;
; 0.500 ; 0.500        ; 0.000          ; High Pulse Width ; CNT[0] ; Rise       ; Equal0~8|combout                 ;
; 0.500 ; 0.500        ; 0.000          ; Low Pulse Width  ; CNT[0] ; Rise       ; Equal0~8|combout                 ;
; 0.500 ; 0.500        ; 0.000          ; High Pulse Width ; CNT[0] ; Rise       ; Equal0~8|dataa                   ;
; 0.500 ; 0.500        ; 0.000          ; Low Pulse Width  ; CNT[0] ; Rise       ; Equal0~8|dataa                   ;
; 0.500 ; 0.500        ; 0.000          ; High Pulse Width ; CNT[0] ; Rise       ; Equal0~9|combout                 ;
; 0.500 ; 0.500        ; 0.000          ; Low Pulse Width  ; CNT[0] ; Rise       ; Equal0~9|combout                 ;
; 0.500 ; 0.500        ; 0.000          ; High Pulse Width ; CNT[0] ; Rise       ; Equal0~9|datad                   ;
; 0.500 ; 0.500        ; 0.000          ; Low Pulse Width  ; CNT[0] ; Rise       ; Equal0~9|datad                   ;
; 0.500 ; 0.500        ; 0.000          ; High Pulse Width ; CNT[0] ; Rise       ; Selector196~0clkctrl|inclk[0]    ;
; 0.500 ; 0.500        ; 0.000          ; Low Pulse Width  ; CNT[0] ; Rise       ; Selector196~0clkctrl|inclk[0]    ;
; 0.500 ; 0.500        ; 0.000          ; High Pulse Width ; CNT[0] ; Rise       ; Selector196~0clkctrl|outclk      ;
; 0.500 ; 0.500        ; 0.000          ; Low Pulse Width  ; CNT[0] ; Rise       ; Selector196~0clkctrl|outclk      ;
; 0.500 ; 0.500        ; 0.000          ; High Pulse Width ; CNT[0] ; Rise       ; Selector196~0|combout            ;
; 0.500 ; 0.500        ; 0.000          ; Low Pulse Width  ; CNT[0] ; Rise       ; Selector196~0|combout            ;
; 0.500 ; 0.500        ; 0.000          ; High Pulse Width ; CNT[0] ; Rise       ; Selector196~0|datac              ;
; 0.500 ; 0.500        ; 0.000          ; Low Pulse Width  ; CNT[0] ; Rise       ; Selector196~0|datac              ;
; 0.500 ; 0.500        ; 0.000          ; High Pulse Width ; CNT[0] ; Fall       ; next_state.end_state_2609        ;
; 0.500 ; 0.500        ; 0.000          ; Low Pulse Width  ; CNT[0] ; Fall       ; next_state.end_state_2609        ;
; 0.500 ; 0.500        ; 0.000          ; High Pulse Width ; CNT[0] ; Rise       ; next_state.end_state_2609|datad  ;
; 0.500 ; 0.500        ; 0.000          ; Low Pulse Width  ; CNT[0] ; Rise       ; next_state.end_state_2609|datad  ;
; 0.500 ; 0.500        ; 0.000          ; High Pulse Width ; CNT[0] ; Fall       ; next_state.exec_state_2618       ;
; 0.500 ; 0.500        ; 0.000          ; Low Pulse Width  ; CNT[0] ; Fall       ; next_state.exec_state_2618       ;
; 0.500 ; 0.500        ; 0.000          ; High Pulse Width ; CNT[0] ; Rise       ; next_state.exec_state_2618|datac ;
; 0.500 ; 0.500        ; 0.000          ; Low Pulse Width  ; CNT[0] ; Rise       ; next_state.exec_state_2618|datac ;
; 0.500 ; 0.500        ; 0.000          ; High Pulse Width ; CNT[0] ; Fall       ; next_state.wait_state_2627       ;
; 0.500 ; 0.500        ; 0.000          ; Low Pulse Width  ; CNT[0] ; Fall       ; next_state.wait_state_2627       ;
; 0.500 ; 0.500        ; 0.000          ; High Pulse Width ; CNT[0] ; Rise       ; next_state.wait_state_2627|datad ;
; 0.500 ; 0.500        ; 0.000          ; Low Pulse Width  ; CNT[0] ; Rise       ; next_state.wait_state_2627|datad ;
+-------+--------------+----------------+------------------+--------+------------+----------------------------------+


+-------------------------------------------------------------------------------------------------------------------+
; Slow Model Minimum Pulse Width: 'current_state.end_state'                                                         ;
+-------+--------------+----------------+------------------+-------------------------+------------+-----------------+
; Slack ; Actual Width ; Required Width ; Type             ; Clock                   ; Clock Edge ; Target          ;
+-------+--------------+----------------+------------------+-------------------------+------------+-----------------+
; 0.500 ; 0.500        ; 0.000          ; High Pulse Width ; current_state.end_state ; Rise       ; CNTin[0]        ;
; 0.500 ; 0.500        ; 0.000          ; Low Pulse Width  ; current_state.end_state ; Rise       ; CNTin[0]        ;
; 0.500 ; 0.500        ; 0.000          ; High Pulse Width ; current_state.end_state ; Rise       ; CNTin[0]|datad  ;
; 0.500 ; 0.500        ; 0.000          ; Low Pulse Width  ; current_state.end_state ; Rise       ; CNTin[0]|datad  ;
; 0.500 ; 0.500        ; 0.000          ; High Pulse Width ; current_state.end_state ; Rise       ; CNTin[10]       ;
; 0.500 ; 0.500        ; 0.000          ; Low Pulse Width  ; current_state.end_state ; Rise       ; CNTin[10]       ;
; 0.500 ; 0.500        ; 0.000          ; High Pulse Width ; current_state.end_state ; Rise       ; CNTin[10]|datad ;
; 0.500 ; 0.500        ; 0.000          ; Low Pulse Width  ; current_state.end_state ; Rise       ; CNTin[10]|datad ;
; 0.500 ; 0.500        ; 0.000          ; High Pulse Width ; current_state.end_state ; Rise       ; CNTin[11]       ;
; 0.500 ; 0.500        ; 0.000          ; Low Pulse Width  ; current_state.end_state ; Rise       ; CNTin[11]       ;
; 0.500 ; 0.500        ; 0.000          ; High Pulse Width ; current_state.end_state ; Rise       ; CNTin[11]|datad ;
; 0.500 ; 0.500        ; 0.000          ; Low Pulse Width  ; current_state.end_state ; Rise       ; CNTin[11]|datad ;
; 0.500 ; 0.500        ; 0.000          ; High Pulse Width ; current_state.end_state ; Rise       ; CNTin[12]       ;
; 0.500 ; 0.500        ; 0.000          ; Low Pulse Width  ; current_state.end_state ; Rise       ; CNTin[12]       ;
; 0.500 ; 0.500        ; 0.000          ; High Pulse Width ; current_state.end_state ; Rise       ; CNTin[12]|datad ;
; 0.500 ; 0.500        ; 0.000          ; Low Pulse Width  ; current_state.end_state ; Rise       ; CNTin[12]|datad ;
; 0.500 ; 0.500        ; 0.000          ; High Pulse Width ; current_state.end_state ; Rise       ; CNTin[13]       ;
; 0.500 ; 0.500        ; 0.000          ; Low Pulse Width  ; current_state.end_state ; Rise       ; CNTin[13]       ;
; 0.500 ; 0.500        ; 0.000          ; High Pulse Width ; current_state.end_state ; Rise       ; CNTin[13]|datad ;
; 0.500 ; 0.500        ; 0.000          ; Low Pulse Width  ; current_state.end_state ; Rise       ; CNTin[13]|datad ;
; 0.500 ; 0.500        ; 0.000          ; High Pulse Width ; current_state.end_state ; Rise       ; CNTin[14]       ;
; 0.500 ; 0.500        ; 0.000          ; Low Pulse Width  ; current_state.end_state ; Rise       ; CNTin[14]       ;
; 0.500 ; 0.500        ; 0.000          ; High Pulse Width ; current_state.end_state ; Rise       ; CNTin[14]|datad ;
; 0.500 ; 0.500        ; 0.000          ; Low Pulse Width  ; current_state.end_state ; Rise       ; CNTin[14]|datad ;
; 0.500 ; 0.500        ; 0.000          ; High Pulse Width ; current_state.end_state ; Rise       ; CNTin[15]       ;
; 0.500 ; 0.500        ; 0.000          ; Low Pulse Width  ; current_state.end_state ; Rise       ; CNTin[15]       ;
; 0.500 ; 0.500        ; 0.000          ; High Pulse Width ; current_state.end_state ; Rise       ; CNTin[15]|datad ;
; 0.500 ; 0.500        ; 0.000          ; Low Pulse Width  ; current_state.end_state ; Rise       ; CNTin[15]|datad ;
; 0.500 ; 0.500        ; 0.000          ; High Pulse Width ; current_state.end_state ; Rise       ; CNTin[16]       ;
; 0.500 ; 0.500        ; 0.000          ; Low Pulse Width  ; current_state.end_state ; Rise       ; CNTin[16]       ;
; 0.500 ; 0.500        ; 0.000          ; High Pulse Width ; current_state.end_state ; Rise       ; CNTin[16]|datad ;
; 0.500 ; 0.500        ; 0.000          ; Low Pulse Width  ; current_state.end_state ; Rise       ; CNTin[16]|datad ;
; 0.500 ; 0.500        ; 0.000          ; High Pulse Width ; current_state.end_state ; Rise       ; CNTin[17]       ;
; 0.500 ; 0.500        ; 0.000          ; Low Pulse Width  ; current_state.end_state ; Rise       ; CNTin[17]       ;
; 0.500 ; 0.500        ; 0.000          ; High Pulse Width ; current_state.end_state ; Rise       ; CNTin[17]|datad ;
; 0.500 ; 0.500        ; 0.000          ; Low Pulse Width  ; current_state.end_state ; Rise       ; CNTin[17]|datad ;
; 0.500 ; 0.500        ; 0.000          ; High Pulse Width ; current_state.end_state ; Rise       ; CNTin[18]       ;
; 0.500 ; 0.500        ; 0.000          ; Low Pulse Width  ; current_state.end_state ; Rise       ; CNTin[18]       ;
; 0.500 ; 0.500        ; 0.000          ; High Pulse Width ; current_state.end_state ; Rise       ; CNTin[18]|datad ;
; 0.500 ; 0.500        ; 0.000          ; Low Pulse Width  ; current_state.end_state ; Rise       ; CNTin[18]|datad ;
; 0.500 ; 0.500        ; 0.000          ; High Pulse Width ; current_state.end_state ; Rise       ; CNTin[19]       ;
; 0.500 ; 0.500        ; 0.000          ; Low Pulse Width  ; current_state.end_state ; Rise       ; CNTin[19]       ;
; 0.500 ; 0.500        ; 0.000          ; High Pulse Width ; current_state.end_state ; Rise       ; CNTin[19]|datad ;
; 0.500 ; 0.500        ; 0.000          ; Low Pulse Width  ; current_state.end_state ; Rise       ; CNTin[19]|datad ;
; 0.500 ; 0.500        ; 0.000          ; High Pulse Width ; current_state.end_state ; Rise       ; CNTin[1]        ;
; 0.500 ; 0.500        ; 0.000          ; Low Pulse Width  ; current_state.end_state ; Rise       ; CNTin[1]        ;
; 0.500 ; 0.500        ; 0.000          ; High Pulse Width ; current_state.end_state ; Rise       ; CNTin[1]|datad  ;
; 0.500 ; 0.500        ; 0.000          ; Low Pulse Width  ; current_state.end_state ; Rise       ; CNTin[1]|datad  ;
; 0.500 ; 0.500        ; 0.000          ; High Pulse Width ; current_state.end_state ; Rise       ; CNTin[20]       ;
; 0.500 ; 0.500        ; 0.000          ; Low Pulse Width  ; current_state.end_state ; Rise       ; CNTin[20]       ;
; 0.500 ; 0.500        ; 0.000          ; High Pulse Width ; current_state.end_state ; Rise       ; CNTin[20]|datad ;
; 0.500 ; 0.500        ; 0.000          ; Low Pulse Width  ; current_state.end_state ; Rise       ; CNTin[20]|datad ;
; 0.500 ; 0.500        ; 0.000          ; High Pulse Width ; current_state.end_state ; Rise       ; CNTin[21]       ;
; 0.500 ; 0.500        ; 0.000          ; Low Pulse Width  ; current_state.end_state ; Rise       ; CNTin[21]       ;
; 0.500 ; 0.500        ; 0.000          ; High Pulse Width ; current_state.end_state ; Rise       ; CNTin[21]|datad ;
; 0.500 ; 0.500        ; 0.000          ; Low Pulse Width  ; current_state.end_state ; Rise       ; CNTin[21]|datad ;
; 0.500 ; 0.500        ; 0.000          ; High Pulse Width ; current_state.end_state ; Rise       ; CNTin[22]       ;
; 0.500 ; 0.500        ; 0.000          ; Low Pulse Width  ; current_state.end_state ; Rise       ; CNTin[22]       ;
; 0.500 ; 0.500        ; 0.000          ; High Pulse Width ; current_state.end_state ; Rise       ; CNTin[22]|datad ;
; 0.500 ; 0.500        ; 0.000          ; Low Pulse Width  ; current_state.end_state ; Rise       ; CNTin[22]|datad ;
; 0.500 ; 0.500        ; 0.000          ; High Pulse Width ; current_state.end_state ; Rise       ; CNTin[23]       ;
; 0.500 ; 0.500        ; 0.000          ; Low Pulse Width  ; current_state.end_state ; Rise       ; CNTin[23]       ;
; 0.500 ; 0.500        ; 0.000          ; High Pulse Width ; current_state.end_state ; Rise       ; CNTin[23]|datad ;
; 0.500 ; 0.500        ; 0.000          ; Low Pulse Width  ; current_state.end_state ; Rise       ; CNTin[23]|datad ;
; 0.500 ; 0.500        ; 0.000          ; High Pulse Width ; current_state.end_state ; Rise       ; CNTin[24]       ;
; 0.500 ; 0.500        ; 0.000          ; Low Pulse Width  ; current_state.end_state ; Rise       ; CNTin[24]       ;
; 0.500 ; 0.500        ; 0.000          ; High Pulse Width ; current_state.end_state ; Rise       ; CNTin[24]|datac ;
; 0.500 ; 0.500        ; 0.000          ; Low Pulse Width  ; current_state.end_state ; Rise       ; CNTin[24]|datac ;
; 0.500 ; 0.500        ; 0.000          ; High Pulse Width ; current_state.end_state ; Rise       ; CNTin[25]       ;
; 0.500 ; 0.500        ; 0.000          ; Low Pulse Width  ; current_state.end_state ; Rise       ; CNTin[25]       ;
; 0.500 ; 0.500        ; 0.000          ; High Pulse Width ; current_state.end_state ; Rise       ; CNTin[25]|datac ;
; 0.500 ; 0.500        ; 0.000          ; Low Pulse Width  ; current_state.end_state ; Rise       ; CNTin[25]|datac ;
; 0.500 ; 0.500        ; 0.000          ; High Pulse Width ; current_state.end_state ; Rise       ; CNTin[26]       ;
; 0.500 ; 0.500        ; 0.000          ; Low Pulse Width  ; current_state.end_state ; Rise       ; CNTin[26]       ;
; 0.500 ; 0.500        ; 0.000          ; High Pulse Width ; current_state.end_state ; Rise       ; CNTin[26]|datac ;
; 0.500 ; 0.500        ; 0.000          ; Low Pulse Width  ; current_state.end_state ; Rise       ; CNTin[26]|datac ;
; 0.500 ; 0.500        ; 0.000          ; High Pulse Width ; current_state.end_state ; Rise       ; CNTin[27]       ;
; 0.500 ; 0.500        ; 0.000          ; Low Pulse Width  ; current_state.end_state ; Rise       ; CNTin[27]       ;
; 0.500 ; 0.500        ; 0.000          ; High Pulse Width ; current_state.end_state ; Rise       ; CNTin[27]|datab ;
; 0.500 ; 0.500        ; 0.000          ; Low Pulse Width  ; current_state.end_state ; Rise       ; CNTin[27]|datab ;
; 0.500 ; 0.500        ; 0.000          ; High Pulse Width ; current_state.end_state ; Rise       ; CNTin[28]       ;
; 0.500 ; 0.500        ; 0.000          ; Low Pulse Width  ; current_state.end_state ; Rise       ; CNTin[28]       ;
; 0.500 ; 0.500        ; 0.000          ; High Pulse Width ; current_state.end_state ; Rise       ; CNTin[28]|datac ;
; 0.500 ; 0.500        ; 0.000          ; Low Pulse Width  ; current_state.end_state ; Rise       ; CNTin[28]|datac ;
; 0.500 ; 0.500        ; 0.000          ; High Pulse Width ; current_state.end_state ; Rise       ; CNTin[29]       ;
; 0.500 ; 0.500        ; 0.000          ; Low Pulse Width  ; current_state.end_state ; Rise       ; CNTin[29]       ;
; 0.500 ; 0.500        ; 0.000          ; High Pulse Width ; current_state.end_state ; Rise       ; CNTin[29]|datac ;
; 0.500 ; 0.500        ; 0.000          ; Low Pulse Width  ; current_state.end_state ; Rise       ; CNTin[29]|datac ;
; 0.500 ; 0.500        ; 0.000          ; High Pulse Width ; current_state.end_state ; Rise       ; CNTin[2]        ;
; 0.500 ; 0.500        ; 0.000          ; Low Pulse Width  ; current_state.end_state ; Rise       ; CNTin[2]        ;
; 0.500 ; 0.500        ; 0.000          ; High Pulse Width ; current_state.end_state ; Rise       ; CNTin[2]|datad  ;
; 0.500 ; 0.500        ; 0.000          ; Low Pulse Width  ; current_state.end_state ; Rise       ; CNTin[2]|datad  ;
; 0.500 ; 0.500        ; 0.000          ; High Pulse Width ; current_state.end_state ; Rise       ; CNTin[30]       ;
; 0.500 ; 0.500        ; 0.000          ; Low Pulse Width  ; current_state.end_state ; Rise       ; CNTin[30]       ;
; 0.500 ; 0.500        ; 0.000          ; High Pulse Width ; current_state.end_state ; Rise       ; CNTin[30]|datac ;
; 0.500 ; 0.500        ; 0.000          ; Low Pulse Width  ; current_state.end_state ; Rise       ; CNTin[30]|datac ;
; 0.500 ; 0.500        ; 0.000          ; High Pulse Width ; current_state.end_state ; Rise       ; CNTin[31]       ;
; 0.500 ; 0.500        ; 0.000          ; Low Pulse Width  ; current_state.end_state ; Rise       ; CNTin[31]       ;
; 0.500 ; 0.500        ; 0.000          ; High Pulse Width ; current_state.end_state ; Rise       ; CNTin[31]|datac ;
; 0.500 ; 0.500        ; 0.000          ; Low Pulse Width  ; current_state.end_state ; Rise       ; CNTin[31]|datac ;
+-------+--------------+----------------+------------------+-------------------------+------------+-----------------+


+-------------------------------------------------------------------------------------------------------------------------------------+
; Slow Model Minimum Pulse Width: 'current_state.exec_state'                                                                          ;
+-------+--------------+----------------+------------------+--------------------------+------------+----------------------------------+
; Slack ; Actual Width ; Required Width ; Type             ; Clock                    ; Clock Edge ; Target                           ;
+-------+--------------+----------------+------------------+--------------------------+------------+----------------------------------+
; 0.500 ; 0.500        ; 0.000          ; High Pulse Width ; current_state.exec_state ; Rise       ; DONE$latch                       ;
; 0.500 ; 0.500        ; 0.000          ; Low Pulse Width  ; current_state.exec_state ; Rise       ; DONE$latch                       ;
; 0.500 ; 0.500        ; 0.000          ; High Pulse Width ; current_state.exec_state ; Rise       ; DONE$latch|datac                 ;
; 0.500 ; 0.500        ; 0.000          ; Low Pulse Width  ; current_state.exec_state ; Rise       ; DONE$latch|datac                 ;
; 0.500 ; 0.500        ; 0.000          ; High Pulse Width ; current_state.exec_state ; Fall       ; Selector196~0clkctrl|inclk[0]    ;
; 0.500 ; 0.500        ; 0.000          ; Low Pulse Width  ; current_state.exec_state ; Fall       ; Selector196~0clkctrl|inclk[0]    ;
; 0.500 ; 0.500        ; 0.000          ; High Pulse Width ; current_state.exec_state ; Fall       ; Selector196~0clkctrl|outclk      ;
; 0.500 ; 0.500        ; 0.000          ; Low Pulse Width  ; current_state.exec_state ; Fall       ; Selector196~0clkctrl|outclk      ;
; 0.500 ; 0.500        ; 0.000          ; High Pulse Width ; current_state.exec_state ; Fall       ; Selector196~0|combout            ;
; 0.500 ; 0.500        ; 0.000          ; Low Pulse Width  ; current_state.exec_state ; Fall       ; Selector196~0|combout            ;
; 0.500 ; 0.500        ; 0.000          ; High Pulse Width ; current_state.exec_state ; Rise       ; Selector196~0|datad              ;
; 0.500 ; 0.500        ; 0.000          ; Low Pulse Width  ; current_state.exec_state ; Rise       ; Selector196~0|datad              ;
; 0.500 ; 0.500        ; 0.000          ; High Pulse Width ; current_state.exec_state ; Rise       ; current_state.exec_state|regout  ;
; 0.500 ; 0.500        ; 0.000          ; Low Pulse Width  ; current_state.exec_state ; Rise       ; current_state.exec_state|regout  ;
; 0.500 ; 0.500        ; 0.000          ; High Pulse Width ; current_state.exec_state ; Rise       ; next_state.end_state_2609        ;
; 0.500 ; 0.500        ; 0.000          ; Low Pulse Width  ; current_state.exec_state ; Rise       ; next_state.end_state_2609        ;
; 0.500 ; 0.500        ; 0.000          ; High Pulse Width ; current_state.exec_state ; Fall       ; next_state.end_state_2609|datad  ;
; 0.500 ; 0.500        ; 0.000          ; Low Pulse Width  ; current_state.exec_state ; Fall       ; next_state.end_state_2609|datad  ;
; 0.500 ; 0.500        ; 0.000          ; High Pulse Width ; current_state.exec_state ; Rise       ; next_state.exec_state_2618       ;
; 0.500 ; 0.500        ; 0.000          ; Low Pulse Width  ; current_state.exec_state ; Rise       ; next_state.exec_state_2618       ;
; 0.500 ; 0.500        ; 0.000          ; High Pulse Width ; current_state.exec_state ; Fall       ; next_state.exec_state_2618|datac ;
; 0.500 ; 0.500        ; 0.000          ; Low Pulse Width  ; current_state.exec_state ; Fall       ; next_state.exec_state_2618|datac ;
; 0.500 ; 0.500        ; 0.000          ; High Pulse Width ; current_state.exec_state ; Rise       ; next_state.wait_state_2627       ;
; 0.500 ; 0.500        ; 0.000          ; Low Pulse Width  ; current_state.exec_state ; Rise       ; next_state.wait_state_2627       ;
; 0.500 ; 0.500        ; 0.000          ; High Pulse Width ; current_state.exec_state ; Fall       ; next_state.wait_state_2627|datad ;
; 0.500 ; 0.500        ; 0.000          ; Low Pulse Width  ; current_state.exec_state ; Fall       ; next_state.wait_state_2627|datad ;
+-------+--------------+----------------+------------------+--------------------------+------------+----------------------------------+


+----------------------------------------------------------------------------------------------+
; Setup Times                                                                                  ;
+-----------+--------------------------+-------+-------+------------+--------------------------+
; Data Port ; Clock Port               ; Rise  ; Fall  ; Clock Edge ; Clock Reference          ;
+-----------+--------------------------+-------+-------+------------+--------------------------+
; RST       ; CLK                      ; 1.701 ; 1.701 ; Rise       ; CLK                      ;
; start     ; CNT[0]                   ; 3.369 ; 3.369 ; Fall       ; CNT[0]                   ;
; A[*]      ; current_state.end_state  ; 6.628 ; 6.628 ; Rise       ; current_state.end_state  ;
;  A[0]     ; current_state.end_state  ; 5.968 ; 5.968 ; Rise       ; current_state.end_state  ;
;  A[1]     ; current_state.end_state  ; 5.758 ; 5.758 ; Rise       ; current_state.end_state  ;
;  A[2]     ; current_state.end_state  ; 6.208 ; 6.208 ; Rise       ; current_state.end_state  ;
;  A[3]     ; current_state.end_state  ; 6.384 ; 6.384 ; Rise       ; current_state.end_state  ;
;  A[4]     ; current_state.end_state  ; 1.327 ; 1.327 ; Rise       ; current_state.end_state  ;
;  A[5]     ; current_state.end_state  ; 1.516 ; 1.516 ; Rise       ; current_state.end_state  ;
;  A[6]     ; current_state.end_state  ; 6.287 ; 6.287 ; Rise       ; current_state.end_state  ;
;  A[7]     ; current_state.end_state  ; 5.966 ; 5.966 ; Rise       ; current_state.end_state  ;
;  A[8]     ; current_state.end_state  ; 6.031 ; 6.031 ; Rise       ; current_state.end_state  ;
;  A[9]     ; current_state.end_state  ; 6.216 ; 6.216 ; Rise       ; current_state.end_state  ;
;  A[10]    ; current_state.end_state  ; 6.030 ; 6.030 ; Rise       ; current_state.end_state  ;
;  A[11]    ; current_state.end_state  ; 6.201 ; 6.201 ; Rise       ; current_state.end_state  ;
;  A[12]    ; current_state.end_state  ; 5.908 ; 5.908 ; Rise       ; current_state.end_state  ;
;  A[13]    ; current_state.end_state  ; 6.407 ; 6.407 ; Rise       ; current_state.end_state  ;
;  A[14]    ; current_state.end_state  ; 5.760 ; 5.760 ; Rise       ; current_state.end_state  ;
;  A[15]    ; current_state.end_state  ; 5.914 ; 5.914 ; Rise       ; current_state.end_state  ;
;  A[16]    ; current_state.end_state  ; 6.280 ; 6.280 ; Rise       ; current_state.end_state  ;
;  A[17]    ; current_state.end_state  ; 5.182 ; 5.182 ; Rise       ; current_state.end_state  ;
;  A[18]    ; current_state.end_state  ; 5.506 ; 5.506 ; Rise       ; current_state.end_state  ;
;  A[19]    ; current_state.end_state  ; 6.137 ; 6.137 ; Rise       ; current_state.end_state  ;
;  A[20]    ; current_state.end_state  ; 5.953 ; 5.953 ; Rise       ; current_state.end_state  ;
;  A[21]    ; current_state.end_state  ; 6.128 ; 6.128 ; Rise       ; current_state.end_state  ;
;  A[22]    ; current_state.end_state  ; 6.090 ; 6.090 ; Rise       ; current_state.end_state  ;
;  A[23]    ; current_state.end_state  ; 5.629 ; 5.629 ; Rise       ; current_state.end_state  ;
;  A[24]    ; current_state.end_state  ; 6.177 ; 6.177 ; Rise       ; current_state.end_state  ;
;  A[25]    ; current_state.end_state  ; 6.001 ; 6.001 ; Rise       ; current_state.end_state  ;
;  A[26]    ; current_state.end_state  ; 6.188 ; 6.188 ; Rise       ; current_state.end_state  ;
;  A[27]    ; current_state.end_state  ; 5.606 ; 5.606 ; Rise       ; current_state.end_state  ;
;  A[28]    ; current_state.end_state  ; 6.044 ; 6.044 ; Rise       ; current_state.end_state  ;
;  A[29]    ; current_state.end_state  ; 5.518 ; 5.518 ; Rise       ; current_state.end_state  ;
;  A[30]    ; current_state.end_state  ; 5.813 ; 5.813 ; Rise       ; current_state.end_state  ;
;  A[31]    ; current_state.end_state  ; 5.578 ; 5.578 ; Rise       ; current_state.end_state  ;
;  A[32]    ; current_state.end_state  ; 6.014 ; 6.014 ; Rise       ; current_state.end_state  ;
;  A[33]    ; current_state.end_state  ; 5.948 ; 5.948 ; Rise       ; current_state.end_state  ;
;  A[34]    ; current_state.end_state  ; 6.071 ; 6.071 ; Rise       ; current_state.end_state  ;
;  A[35]    ; current_state.end_state  ; 6.286 ; 6.286 ; Rise       ; current_state.end_state  ;
;  A[36]    ; current_state.end_state  ; 1.349 ; 1.349 ; Rise       ; current_state.end_state  ;
;  A[37]    ; current_state.end_state  ; 1.591 ; 1.591 ; Rise       ; current_state.end_state  ;
;  A[38]    ; current_state.end_state  ; 5.504 ; 5.504 ; Rise       ; current_state.end_state  ;
;  A[39]    ; current_state.end_state  ; 5.496 ; 5.496 ; Rise       ; current_state.end_state  ;
;  A[40]    ; current_state.end_state  ; 5.983 ; 5.983 ; Rise       ; current_state.end_state  ;
;  A[41]    ; current_state.end_state  ; 6.335 ; 6.335 ; Rise       ; current_state.end_state  ;
;  A[42]    ; current_state.end_state  ; 5.846 ; 5.846 ; Rise       ; current_state.end_state  ;
;  A[43]    ; current_state.end_state  ; 6.364 ; 6.364 ; Rise       ; current_state.end_state  ;
;  A[44]    ; current_state.end_state  ; 5.412 ; 5.412 ; Rise       ; current_state.end_state  ;
;  A[45]    ; current_state.end_state  ; 6.526 ; 6.526 ; Rise       ; current_state.end_state  ;
;  A[46]    ; current_state.end_state  ; 6.270 ; 6.270 ; Rise       ; current_state.end_state  ;
;  A[47]    ; current_state.end_state  ; 5.938 ; 5.938 ; Rise       ; current_state.end_state  ;
;  A[48]    ; current_state.end_state  ; 5.652 ; 5.652 ; Rise       ; current_state.end_state  ;
;  A[49]    ; current_state.end_state  ; 6.326 ; 6.326 ; Rise       ; current_state.end_state  ;
;  A[50]    ; current_state.end_state  ; 5.413 ; 5.413 ; Rise       ; current_state.end_state  ;
;  A[51]    ; current_state.end_state  ; 5.672 ; 5.672 ; Rise       ; current_state.end_state  ;
;  A[52]    ; current_state.end_state  ; 5.327 ; 5.327 ; Rise       ; current_state.end_state  ;
;  A[53]    ; current_state.end_state  ; 6.590 ; 6.590 ; Rise       ; current_state.end_state  ;
;  A[54]    ; current_state.end_state  ; 6.036 ; 6.036 ; Rise       ; current_state.end_state  ;
;  A[55]    ; current_state.end_state  ; 6.183 ; 6.183 ; Rise       ; current_state.end_state  ;
;  A[56]    ; current_state.end_state  ; 6.226 ; 6.226 ; Rise       ; current_state.end_state  ;
;  A[57]    ; current_state.end_state  ; 6.484 ; 6.484 ; Rise       ; current_state.end_state  ;
;  A[58]    ; current_state.end_state  ; 1.707 ; 1.707 ; Rise       ; current_state.end_state  ;
;  A[59]    ; current_state.end_state  ; 6.628 ; 6.628 ; Rise       ; current_state.end_state  ;
;  A[60]    ; current_state.end_state  ; 6.325 ; 6.325 ; Rise       ; current_state.end_state  ;
;  A[61]    ; current_state.end_state  ; 1.617 ; 1.617 ; Rise       ; current_state.end_state  ;
;  A[62]    ; current_state.end_state  ; 1.317 ; 1.317 ; Rise       ; current_state.end_state  ;
;  A[63]    ; current_state.end_state  ; 5.673 ; 5.673 ; Rise       ; current_state.end_state  ;
; start     ; current_state.exec_state ; 4.474 ; 4.474 ; Rise       ; current_state.exec_state ;
+-----------+--------------------------+-------+-------+------------+--------------------------+


+------------------------------------------------------------------------------------------------+
; Hold Times                                                                                     ;
+-----------+--------------------------+--------+--------+------------+--------------------------+
; Data Port ; Clock Port               ; Rise   ; Fall   ; Clock Edge ; Clock Reference          ;
+-----------+--------------------------+--------+--------+------------+--------------------------+
; RST       ; CLK                      ; -0.219 ; -0.219 ; Rise       ; CLK                      ;
; start     ; CNT[0]                   ; -1.829 ; -1.829 ; Fall       ; CNT[0]                   ;
; A[*]      ; current_state.end_state  ; 0.134  ; 0.134  ; Rise       ; current_state.end_state  ;
;  A[0]     ; current_state.end_state  ; -4.954 ; -4.954 ; Rise       ; current_state.end_state  ;
;  A[1]     ; current_state.end_state  ; -4.696 ; -4.696 ; Rise       ; current_state.end_state  ;
;  A[2]     ; current_state.end_state  ; -4.894 ; -4.894 ; Rise       ; current_state.end_state  ;
;  A[3]     ; current_state.end_state  ; -5.070 ; -5.070 ; Rise       ; current_state.end_state  ;
;  A[4]     ; current_state.end_state  ; 0.134  ; 0.134  ; Rise       ; current_state.end_state  ;
;  A[5]     ; current_state.end_state  ; -0.484 ; -0.484 ; Rise       ; current_state.end_state  ;
;  A[6]     ; current_state.end_state  ; -4.974 ; -4.974 ; Rise       ; current_state.end_state  ;
;  A[7]     ; current_state.end_state  ; -4.701 ; -4.701 ; Rise       ; current_state.end_state  ;
;  A[8]     ; current_state.end_state  ; -4.762 ; -4.762 ; Rise       ; current_state.end_state  ;
;  A[9]     ; current_state.end_state  ; -4.754 ; -4.754 ; Rise       ; current_state.end_state  ;
;  A[10]    ; current_state.end_state  ; -4.760 ; -4.760 ; Rise       ; current_state.end_state  ;
;  A[11]    ; current_state.end_state  ; -4.893 ; -4.893 ; Rise       ; current_state.end_state  ;
;  A[12]    ; current_state.end_state  ; -4.473 ; -4.473 ; Rise       ; current_state.end_state  ;
;  A[13]    ; current_state.end_state  ; -4.957 ; -4.957 ; Rise       ; current_state.end_state  ;
;  A[14]    ; current_state.end_state  ; -4.580 ; -4.580 ; Rise       ; current_state.end_state  ;
;  A[15]    ; current_state.end_state  ; -4.733 ; -4.733 ; Rise       ; current_state.end_state  ;
;  A[16]    ; current_state.end_state  ; -4.879 ; -4.879 ; Rise       ; current_state.end_state  ;
;  A[17]    ; current_state.end_state  ; -4.001 ; -4.001 ; Rise       ; current_state.end_state  ;
;  A[18]    ; current_state.end_state  ; -4.094 ; -4.094 ; Rise       ; current_state.end_state  ;
;  A[19]    ; current_state.end_state  ; -4.830 ; -4.830 ; Rise       ; current_state.end_state  ;
;  A[20]    ; current_state.end_state  ; -4.876 ; -4.876 ; Rise       ; current_state.end_state  ;
;  A[21]    ; current_state.end_state  ; -4.863 ; -4.863 ; Rise       ; current_state.end_state  ;
;  A[22]    ; current_state.end_state  ; -4.613 ; -4.613 ; Rise       ; current_state.end_state  ;
;  A[23]    ; current_state.end_state  ; -4.366 ; -4.366 ; Rise       ; current_state.end_state  ;
;  A[24]    ; current_state.end_state  ; -4.905 ; -4.905 ; Rise       ; current_state.end_state  ;
;  A[25]    ; current_state.end_state  ; -4.538 ; -4.538 ; Rise       ; current_state.end_state  ;
;  A[26]    ; current_state.end_state  ; -4.860 ; -4.860 ; Rise       ; current_state.end_state  ;
;  A[27]    ; current_state.end_state  ; -4.312 ; -4.312 ; Rise       ; current_state.end_state  ;
;  A[28]    ; current_state.end_state  ; -4.624 ; -4.624 ; Rise       ; current_state.end_state  ;
;  A[29]    ; current_state.end_state  ; -4.056 ; -4.056 ; Rise       ; current_state.end_state  ;
;  A[30]    ; current_state.end_state  ; -4.361 ; -4.361 ; Rise       ; current_state.end_state  ;
;  A[31]    ; current_state.end_state  ; -4.397 ; -4.397 ; Rise       ; current_state.end_state  ;
;  A[32]    ; current_state.end_state  ; -4.741 ; -4.741 ; Rise       ; current_state.end_state  ;
;  A[33]    ; current_state.end_state  ; -4.493 ; -4.493 ; Rise       ; current_state.end_state  ;
;  A[34]    ; current_state.end_state  ; -4.395 ; -4.395 ; Rise       ; current_state.end_state  ;
;  A[35]    ; current_state.end_state  ; -5.254 ; -5.254 ; Rise       ; current_state.end_state  ;
;  A[36]    ; current_state.end_state  ; -0.123 ; -0.123 ; Rise       ; current_state.end_state  ;
;  A[37]    ; current_state.end_state  ; -0.136 ; -0.136 ; Rise       ; current_state.end_state  ;
;  A[38]    ; current_state.end_state  ; -4.045 ; -4.045 ; Rise       ; current_state.end_state  ;
;  A[39]    ; current_state.end_state  ; -4.082 ; -4.082 ; Rise       ; current_state.end_state  ;
;  A[40]    ; current_state.end_state  ; -4.713 ; -4.713 ; Rise       ; current_state.end_state  ;
;  A[41]    ; current_state.end_state  ; -5.022 ; -5.022 ; Rise       ; current_state.end_state  ;
;  A[42]    ; current_state.end_state  ; -4.428 ; -4.428 ; Rise       ; current_state.end_state  ;
;  A[43]    ; current_state.end_state  ; -5.050 ; -5.050 ; Rise       ; current_state.end_state  ;
;  A[44]    ; current_state.end_state  ; -4.380 ; -4.380 ; Rise       ; current_state.end_state  ;
;  A[45]    ; current_state.end_state  ; -5.240 ; -5.240 ; Rise       ; current_state.end_state  ;
;  A[46]    ; current_state.end_state  ; -4.964 ; -4.964 ; Rise       ; current_state.end_state  ;
;  A[47]    ; current_state.end_state  ; -4.712 ; -4.712 ; Rise       ; current_state.end_state  ;
;  A[48]    ; current_state.end_state  ; -4.403 ; -4.403 ; Rise       ; current_state.end_state  ;
;  A[49]    ; current_state.end_state  ; -4.869 ; -4.869 ; Rise       ; current_state.end_state  ;
;  A[50]    ; current_state.end_state  ; -3.995 ; -3.995 ; Rise       ; current_state.end_state  ;
;  A[51]    ; current_state.end_state  ; -4.377 ; -4.377 ; Rise       ; current_state.end_state  ;
;  A[52]    ; current_state.end_state  ; -4.146 ; -4.146 ; Rise       ; current_state.end_state  ;
;  A[53]    ; current_state.end_state  ; -5.321 ; -5.321 ; Rise       ; current_state.end_state  ;
;  A[54]    ; current_state.end_state  ; -4.629 ; -4.629 ; Rise       ; current_state.end_state  ;
;  A[55]    ; current_state.end_state  ; -4.871 ; -4.871 ; Rise       ; current_state.end_state  ;
;  A[56]    ; current_state.end_state  ; -4.962 ; -4.962 ; Rise       ; current_state.end_state  ;
;  A[57]    ; current_state.end_state  ; -5.208 ; -5.208 ; Rise       ; current_state.end_state  ;
;  A[58]    ; current_state.end_state  ; -0.250 ; -0.250 ; Rise       ; current_state.end_state  ;
;  A[59]    ; current_state.end_state  ; -5.156 ; -5.156 ; Rise       ; current_state.end_state  ;
;  A[60]    ; current_state.end_state  ; -5.020 ; -5.020 ; Rise       ; current_state.end_state  ;
;  A[61]    ; current_state.end_state  ; -0.145 ; -0.145 ; Rise       ; current_state.end_state  ;
;  A[62]    ; current_state.end_state  ; -0.092 ; -0.092 ; Rise       ; current_state.end_state  ;
;  A[63]    ; current_state.end_state  ; -4.447 ; -4.447 ; Rise       ; current_state.end_state  ;
; start     ; current_state.exec_state ; -2.934 ; -2.934 ; Rise       ; current_state.exec_state ;
+-----------+--------------------------+--------+--------+------------+--------------------------+


+-----------------------------------------------------------------------------------------------+
; Clock to Output Times                                                                         ;
+------------+--------------------------+-------+-------+------------+--------------------------+
; Data Port  ; Clock Port               ; Rise  ; Fall  ; Clock Edge ; Clock Reference          ;
+------------+--------------------------+-------+-------+------------+--------------------------+
; Z_OUT[*]   ; current_state.end_state  ; 9.805 ; 9.805 ; Fall       ; current_state.end_state  ;
;  Z_OUT[0]  ; current_state.end_state  ; 8.906 ; 8.906 ; Fall       ; current_state.end_state  ;
;  Z_OUT[1]  ; current_state.end_state  ; 9.403 ; 9.403 ; Fall       ; current_state.end_state  ;
;  Z_OUT[2]  ; current_state.end_state  ; 9.781 ; 9.781 ; Fall       ; current_state.end_state  ;
;  Z_OUT[3]  ; current_state.end_state  ; 9.295 ; 9.295 ; Fall       ; current_state.end_state  ;
;  Z_OUT[4]  ; current_state.end_state  ; 8.579 ; 8.579 ; Fall       ; current_state.end_state  ;
;  Z_OUT[5]  ; current_state.end_state  ; 9.685 ; 9.685 ; Fall       ; current_state.end_state  ;
;  Z_OUT[6]  ; current_state.end_state  ; 8.084 ; 8.084 ; Fall       ; current_state.end_state  ;
;  Z_OUT[7]  ; current_state.end_state  ; 9.548 ; 9.548 ; Fall       ; current_state.end_state  ;
;  Z_OUT[8]  ; current_state.end_state  ; 9.639 ; 9.639 ; Fall       ; current_state.end_state  ;
;  Z_OUT[9]  ; current_state.end_state  ; 8.686 ; 8.686 ; Fall       ; current_state.end_state  ;
;  Z_OUT[10] ; current_state.end_state  ; 8.716 ; 8.716 ; Fall       ; current_state.end_state  ;
;  Z_OUT[11] ; current_state.end_state  ; 9.579 ; 9.579 ; Fall       ; current_state.end_state  ;
;  Z_OUT[12] ; current_state.end_state  ; 9.569 ; 9.569 ; Fall       ; current_state.end_state  ;
;  Z_OUT[13] ; current_state.end_state  ; 9.169 ; 9.169 ; Fall       ; current_state.end_state  ;
;  Z_OUT[14] ; current_state.end_state  ; 9.047 ; 9.047 ; Fall       ; current_state.end_state  ;
;  Z_OUT[15] ; current_state.end_state  ; 8.770 ; 8.770 ; Fall       ; current_state.end_state  ;
;  Z_OUT[16] ; current_state.end_state  ; 8.501 ; 8.501 ; Fall       ; current_state.end_state  ;
;  Z_OUT[17] ; current_state.end_state  ; 8.776 ; 8.776 ; Fall       ; current_state.end_state  ;
;  Z_OUT[18] ; current_state.end_state  ; 9.131 ; 9.131 ; Fall       ; current_state.end_state  ;
;  Z_OUT[19] ; current_state.end_state  ; 9.371 ; 9.371 ; Fall       ; current_state.end_state  ;
;  Z_OUT[20] ; current_state.end_state  ; 9.493 ; 9.493 ; Fall       ; current_state.end_state  ;
;  Z_OUT[21] ; current_state.end_state  ; 9.261 ; 9.261 ; Fall       ; current_state.end_state  ;
;  Z_OUT[22] ; current_state.end_state  ; 9.805 ; 9.805 ; Fall       ; current_state.end_state  ;
;  Z_OUT[23] ; current_state.end_state  ; 8.691 ; 8.691 ; Fall       ; current_state.end_state  ;
;  Z_OUT[24] ; current_state.end_state  ; 8.360 ; 8.360 ; Fall       ; current_state.end_state  ;
;  Z_OUT[25] ; current_state.end_state  ; 9.070 ; 9.070 ; Fall       ; current_state.end_state  ;
;  Z_OUT[26] ; current_state.end_state  ; 9.317 ; 9.317 ; Fall       ; current_state.end_state  ;
;  Z_OUT[27] ; current_state.end_state  ; 8.908 ; 8.908 ; Fall       ; current_state.end_state  ;
;  Z_OUT[28] ; current_state.end_state  ; 8.929 ; 8.929 ; Fall       ; current_state.end_state  ;
;  Z_OUT[29] ; current_state.end_state  ; 9.688 ; 9.688 ; Fall       ; current_state.end_state  ;
;  Z_OUT[30] ; current_state.end_state  ; 8.921 ; 8.921 ; Fall       ; current_state.end_state  ;
;  Z_OUT[31] ; current_state.end_state  ; 9.258 ; 9.258 ; Fall       ; current_state.end_state  ;
; DONE       ; current_state.exec_state ; 9.387 ; 9.387 ; Rise       ; current_state.exec_state ;
+------------+--------------------------+-------+-------+------------+--------------------------+


+-----------------------------------------------------------------------------------------------+
; Minimum Clock to Output Times                                                                 ;
+------------+--------------------------+-------+-------+------------+--------------------------+
; Data Port  ; Clock Port               ; Rise  ; Fall  ; Clock Edge ; Clock Reference          ;
+------------+--------------------------+-------+-------+------------+--------------------------+
; Z_OUT[*]   ; current_state.end_state  ; 8.084 ; 8.084 ; Fall       ; current_state.end_state  ;
;  Z_OUT[0]  ; current_state.end_state  ; 8.906 ; 8.906 ; Fall       ; current_state.end_state  ;
;  Z_OUT[1]  ; current_state.end_state  ; 9.403 ; 9.403 ; Fall       ; current_state.end_state  ;
;  Z_OUT[2]  ; current_state.end_state  ; 9.781 ; 9.781 ; Fall       ; current_state.end_state  ;
;  Z_OUT[3]  ; current_state.end_state  ; 9.295 ; 9.295 ; Fall       ; current_state.end_state  ;
;  Z_OUT[4]  ; current_state.end_state  ; 8.579 ; 8.579 ; Fall       ; current_state.end_state  ;
;  Z_OUT[5]  ; current_state.end_state  ; 9.685 ; 9.685 ; Fall       ; current_state.end_state  ;
;  Z_OUT[6]  ; current_state.end_state  ; 8.084 ; 8.084 ; Fall       ; current_state.end_state  ;
;  Z_OUT[7]  ; current_state.end_state  ; 9.548 ; 9.548 ; Fall       ; current_state.end_state  ;
;  Z_OUT[8]  ; current_state.end_state  ; 9.639 ; 9.639 ; Fall       ; current_state.end_state  ;
;  Z_OUT[9]  ; current_state.end_state  ; 8.686 ; 8.686 ; Fall       ; current_state.end_state  ;
;  Z_OUT[10] ; current_state.end_state  ; 8.716 ; 8.716 ; Fall       ; current_state.end_state  ;
;  Z_OUT[11] ; current_state.end_state  ; 9.579 ; 9.579 ; Fall       ; current_state.end_state  ;
;  Z_OUT[12] ; current_state.end_state  ; 9.569 ; 9.569 ; Fall       ; current_state.end_state  ;
;  Z_OUT[13] ; current_state.end_state  ; 9.169 ; 9.169 ; Fall       ; current_state.end_state  ;
;  Z_OUT[14] ; current_state.end_state  ; 9.047 ; 9.047 ; Fall       ; current_state.end_state  ;
;  Z_OUT[15] ; current_state.end_state  ; 8.770 ; 8.770 ; Fall       ; current_state.end_state  ;
;  Z_OUT[16] ; current_state.end_state  ; 8.501 ; 8.501 ; Fall       ; current_state.end_state  ;
;  Z_OUT[17] ; current_state.end_state  ; 8.776 ; 8.776 ; Fall       ; current_state.end_state  ;
;  Z_OUT[18] ; current_state.end_state  ; 9.131 ; 9.131 ; Fall       ; current_state.end_state  ;
;  Z_OUT[19] ; current_state.end_state  ; 9.371 ; 9.371 ; Fall       ; current_state.end_state  ;
;  Z_OUT[20] ; current_state.end_state  ; 9.493 ; 9.493 ; Fall       ; current_state.end_state  ;
;  Z_OUT[21] ; current_state.end_state  ; 9.261 ; 9.261 ; Fall       ; current_state.end_state  ;
;  Z_OUT[22] ; current_state.end_state  ; 9.805 ; 9.805 ; Fall       ; current_state.end_state  ;
;  Z_OUT[23] ; current_state.end_state  ; 8.691 ; 8.691 ; Fall       ; current_state.end_state  ;
;  Z_OUT[24] ; current_state.end_state  ; 8.360 ; 8.360 ; Fall       ; current_state.end_state  ;
;  Z_OUT[25] ; current_state.end_state  ; 9.070 ; 9.070 ; Fall       ; current_state.end_state  ;
;  Z_OUT[26] ; current_state.end_state  ; 9.317 ; 9.317 ; Fall       ; current_state.end_state  ;
;  Z_OUT[27] ; current_state.end_state  ; 8.908 ; 8.908 ; Fall       ; current_state.end_state  ;
;  Z_OUT[28] ; current_state.end_state  ; 8.929 ; 8.929 ; Fall       ; current_state.end_state  ;
;  Z_OUT[29] ; current_state.end_state  ; 9.688 ; 9.688 ; Fall       ; current_state.end_state  ;
;  Z_OUT[30] ; current_state.end_state  ; 8.921 ; 8.921 ; Fall       ; current_state.end_state  ;
;  Z_OUT[31] ; current_state.end_state  ; 9.258 ; 9.258 ; Fall       ; current_state.end_state  ;
; DONE       ; current_state.exec_state ; 9.387 ; 9.387 ; Rise       ; current_state.exec_state ;
+------------+--------------------------+-------+-------+------------+--------------------------+


+---------------------------------------------------+
; Fast Model Setup Summary                          ;
+--------------------------+--------+---------------+
; Clock                    ; Slack  ; End Point TNS ;
+--------------------------+--------+---------------+
; current_state.end_state  ; -3.730 ; -183.270      ;
; CLK                      ; -0.617 ; -1.536        ;
; CNT[0]                   ; 0.611  ; 0.000         ;
; current_state.exec_state ; 0.792  ; 0.000         ;
+--------------------------+--------+---------------+


+---------------------------------------------------+
; Fast Model Hold Summary                           ;
+--------------------------+--------+---------------+
; Clock                    ; Slack  ; End Point TNS ;
+--------------------------+--------+---------------+
; CNT[0]                   ; -2.076 ; -4.032        ;
; current_state.exec_state ; -1.757 ; -4.871        ;
; current_state.end_state  ; -1.225 ; -193.730      ;
; CLK                      ; -0.003 ; -0.003        ;
+--------------------------+--------+---------------+


-------------------------------
; Fast Model Recovery Summary ;
-------------------------------
No paths to report.


------------------------------
; Fast Model Removal Summary ;
------------------------------
No paths to report.


+---------------------------------------------------+
; Fast Model Minimum Pulse Width Summary            ;
+--------------------------+--------+---------------+
; Clock                    ; Slack  ; End Point TNS ;
+--------------------------+--------+---------------+
; CLK                      ; -1.380 ; -132.380      ;
; CNT[0]                   ; 0.500  ; 0.000         ;
; current_state.end_state  ; 0.500  ; 0.000         ;
; current_state.exec_state ; 0.500  ; 0.000         ;
+--------------------------+--------+---------------+


+------------------------------------------------------------------------------------------------------------------------------------------------------------+
; Fast Model Setup: 'current_state.end_state'                                                                                                                ;
+--------+--------------------------+---------------------------+-------------------------+-------------------------+--------------+------------+------------+
; Slack  ; From Node                ; To Node                   ; Launch Clock            ; Latch Clock             ; Relationship ; Clock Skew ; Data Delay ;
+--------+--------------------------+---------------------------+-------------------------+-------------------------+--------------+------------+------------+
; -3.730 ; Z[0]                     ; Zin[0]                    ; CLK                     ; current_state.end_state ; 1.000        ; 0.177      ; 4.463      ;
; -3.706 ; Z[1]                     ; Zin[0]                    ; CLK                     ; current_state.end_state ; 1.000        ; 0.177      ; 4.439      ;
; -3.680 ; Z[0]                     ; \sqrt_sequential:Rvar[63] ; CLK                     ; current_state.end_state ; 1.000        ; 0.178      ; 4.462      ;
; -3.670 ; \sqrt_sequential:Rvar[0] ; Zin[0]                    ; current_state.end_state ; current_state.end_state ; 1.000        ; 0.053      ; 4.279      ;
; -3.668 ; Z[2]                     ; Zin[0]                    ; CLK                     ; current_state.end_state ; 1.000        ; 0.177      ; 4.401      ;
; -3.656 ; Z[1]                     ; \sqrt_sequential:Rvar[63] ; CLK                     ; current_state.end_state ; 1.000        ; 0.178      ; 4.438      ;
; -3.653 ; Z[3]                     ; Zin[0]                    ; CLK                     ; current_state.end_state ; 1.000        ; 0.177      ; 4.386      ;
; -3.620 ; \sqrt_sequential:Rvar[0] ; \sqrt_sequential:Rvar[63] ; current_state.end_state ; current_state.end_state ; 1.000        ; 0.054      ; 4.278      ;
; -3.618 ; Z[2]                     ; \sqrt_sequential:Rvar[63] ; CLK                     ; current_state.end_state ; 1.000        ; 0.178      ; 4.400      ;
; -3.618 ; \sqrt_sequential:Rvar[2] ; Zin[0]                    ; current_state.end_state ; current_state.end_state ; 1.000        ; 0.041      ; 4.215      ;
; -3.603 ; Z[3]                     ; \sqrt_sequential:Rvar[63] ; CLK                     ; current_state.end_state ; 1.000        ; 0.178      ; 4.385      ;
; -3.576 ; \sqrt_sequential:Rvar[1] ; Zin[0]                    ; current_state.end_state ; current_state.end_state ; 1.000        ; 0.003      ; 4.135      ;
; -3.574 ; Z[5]                     ; Zin[0]                    ; CLK                     ; current_state.end_state ; 1.000        ; 0.181      ; 4.311      ;
; -3.568 ; \sqrt_sequential:Rvar[2] ; \sqrt_sequential:Rvar[63] ; current_state.end_state ; current_state.end_state ; 1.000        ; 0.042      ; 4.214      ;
; -3.555 ; Z[7]                     ; Zin[0]                    ; CLK                     ; current_state.end_state ; 1.000        ; 0.181      ; 4.292      ;
; -3.548 ; \sqrt_sequential:Rvar[3] ; Zin[0]                    ; current_state.end_state ; current_state.end_state ; 1.000        ; 0.056      ; 4.160      ;
; -3.526 ; \sqrt_sequential:Rvar[1] ; \sqrt_sequential:Rvar[63] ; current_state.end_state ; current_state.end_state ; 1.000        ; 0.004      ; 4.134      ;
; -3.524 ; Z[5]                     ; \sqrt_sequential:Rvar[63] ; CLK                     ; current_state.end_state ; 1.000        ; 0.182      ; 4.310      ;
; -3.520 ; Z[0]                     ; \sqrt_sequential:Rvar[58] ; CLK                     ; current_state.end_state ; 1.000        ; 0.165      ; 4.302      ;
; -3.511 ; Z[0]                     ; \sqrt_sequential:Rvar[61] ; CLK                     ; current_state.end_state ; 1.000        ; 0.165      ; 4.306      ;
; -3.511 ; Z[4]                     ; Zin[0]                    ; CLK                     ; current_state.end_state ; 1.000        ; 0.181      ; 4.248      ;
; -3.505 ; Z[6]                     ; Zin[0]                    ; CLK                     ; current_state.end_state ; 1.000        ; 0.181      ; 4.242      ;
; -3.505 ; Z[7]                     ; \sqrt_sequential:Rvar[63] ; CLK                     ; current_state.end_state ; 1.000        ; 0.182      ; 4.291      ;
; -3.504 ; Z[1]                     ; \sqrt_sequential:Rvar[61] ; CLK                     ; current_state.end_state ; 1.000        ; 0.165      ; 4.299      ;
; -3.501 ; \sqrt_sequential:Rvar[4] ; Zin[0]                    ; current_state.end_state ; current_state.end_state ; 1.000        ; 0.032      ; 4.089      ;
; -3.499 ; Z[1]                     ; \sqrt_sequential:Rvar[59] ; CLK                     ; current_state.end_state ; 1.000        ; 0.129      ; 4.285      ;
; -3.498 ; \sqrt_sequential:Rvar[3] ; \sqrt_sequential:Rvar[63] ; current_state.end_state ; current_state.end_state ; 1.000        ; 0.057      ; 4.159      ;
; -3.496 ; Z[1]                     ; \sqrt_sequential:Rvar[58] ; CLK                     ; current_state.end_state ; 1.000        ; 0.165      ; 4.278      ;
; -3.494 ; Z[0]                     ; \sqrt_sequential:Rvar[59] ; CLK                     ; current_state.end_state ; 1.000        ; 0.129      ; 4.280      ;
; -3.487 ; Z[0]                     ; \sqrt_sequential:Rvar[60] ; CLK                     ; current_state.end_state ; 1.000        ; 0.154      ; 4.268      ;
; -3.481 ; Z[1]                     ; \sqrt_sequential:Rvar[60] ; CLK                     ; current_state.end_state ; 1.000        ; 0.154      ; 4.262      ;
; -3.473 ; Z[1]                     ; \sqrt_sequential:Rvar[57] ; CLK                     ; current_state.end_state ; 1.000        ; 0.129      ; 4.269      ;
; -3.472 ; \sqrt_sequential:Rvar[6] ; Zin[0]                    ; current_state.end_state ; current_state.end_state ; 1.000        ; 0.056      ; 4.084      ;
; -3.461 ; Z[4]                     ; \sqrt_sequential:Rvar[63] ; CLK                     ; current_state.end_state ; 1.000        ; 0.182      ; 4.247      ;
; -3.460 ; \sqrt_sequential:Rvar[0] ; \sqrt_sequential:Rvar[58] ; current_state.end_state ; current_state.end_state ; 1.000        ; 0.041      ; 4.118      ;
; -3.458 ; Z[2]                     ; \sqrt_sequential:Rvar[58] ; CLK                     ; current_state.end_state ; 1.000        ; 0.165      ; 4.240      ;
; -3.455 ; Z[6]                     ; \sqrt_sequential:Rvar[63] ; CLK                     ; current_state.end_state ; 1.000        ; 0.182      ; 4.241      ;
; -3.451 ; \sqrt_sequential:Rvar[0] ; \sqrt_sequential:Rvar[61] ; current_state.end_state ; current_state.end_state ; 1.000        ; 0.041      ; 4.122      ;
; -3.451 ; \sqrt_sequential:Rvar[4] ; \sqrt_sequential:Rvar[63] ; current_state.end_state ; current_state.end_state ; 1.000        ; 0.033      ; 4.088      ;
; -3.449 ; Z[2]                     ; \sqrt_sequential:Rvar[61] ; CLK                     ; current_state.end_state ; 1.000        ; 0.165      ; 4.244      ;
; -3.443 ; Z[3]                     ; \sqrt_sequential:Rvar[58] ; CLK                     ; current_state.end_state ; 1.000        ; 0.165      ; 4.225      ;
; -3.434 ; Z[3]                     ; \sqrt_sequential:Rvar[61] ; CLK                     ; current_state.end_state ; 1.000        ; 0.165      ; 4.229      ;
; -3.434 ; \sqrt_sequential:Rvar[0] ; \sqrt_sequential:Rvar[59] ; current_state.end_state ; current_state.end_state ; 1.000        ; 0.005      ; 4.096      ;
; -3.432 ; Z[2]                     ; \sqrt_sequential:Rvar[59] ; CLK                     ; current_state.end_state ; 1.000        ; 0.129      ; 4.218      ;
; -3.427 ; \sqrt_sequential:Rvar[0] ; \sqrt_sequential:Rvar[60] ; current_state.end_state ; current_state.end_state ; 1.000        ; 0.030      ; 4.084      ;
; -3.425 ; Z[2]                     ; \sqrt_sequential:Rvar[60] ; CLK                     ; current_state.end_state ; 1.000        ; 0.154      ; 4.206      ;
; -3.425 ; \sqrt_sequential:Rvar[5] ; Zin[0]                    ; current_state.end_state ; current_state.end_state ; 1.000        ; 0.003      ; 3.984      ;
; -3.422 ; Z[0]                     ; \sqrt_sequential:Rvar[57] ; CLK                     ; current_state.end_state ; 1.000        ; 0.129      ; 4.218      ;
; -3.422 ; \sqrt_sequential:Rvar[6] ; \sqrt_sequential:Rvar[63] ; current_state.end_state ; current_state.end_state ; 1.000        ; 0.057      ; 4.083      ;
; -3.420 ; Z[1]                     ; \sqrt_sequential:Rvar[56] ; CLK                     ; current_state.end_state ; 1.000        ; 0.129      ; 4.215      ;
; -3.417 ; Z[3]                     ; \sqrt_sequential:Rvar[59] ; CLK                     ; current_state.end_state ; 1.000        ; 0.129      ; 4.203      ;
; -3.410 ; Z[3]                     ; \sqrt_sequential:Rvar[60] ; CLK                     ; current_state.end_state ; 1.000        ; 0.154      ; 4.191      ;
; -3.408 ; \sqrt_sequential:Rvar[2] ; \sqrt_sequential:Rvar[58] ; current_state.end_state ; current_state.end_state ; 1.000        ; 0.029      ; 4.054      ;
; -3.399 ; \sqrt_sequential:Rvar[2] ; \sqrt_sequential:Rvar[61] ; current_state.end_state ; current_state.end_state ; 1.000        ; 0.029      ; 4.058      ;
; -3.396 ; \sqrt_sequential:Rvar[0] ; \sqrt_sequential:Rvar[57] ; current_state.end_state ; current_state.end_state ; 1.000        ; 0.005      ; 4.068      ;
; -3.382 ; \sqrt_sequential:Rvar[2] ; \sqrt_sequential:Rvar[59] ; current_state.end_state ; current_state.end_state ; 1.000        ; -0.007     ; 4.032      ;
; -3.381 ; Z[0]                     ; \sqrt_sequential:Rvar[56] ; CLK                     ; current_state.end_state ; 1.000        ; 0.129      ; 4.176      ;
; -3.376 ; Z[2]                     ; \sqrt_sequential:Rvar[57] ; CLK                     ; current_state.end_state ; 1.000        ; 0.129      ; 4.172      ;
; -3.375 ; Z[5]                     ; \sqrt_sequential:Rvar[61] ; CLK                     ; current_state.end_state ; 1.000        ; 0.169      ; 4.174      ;
; -3.375 ; \sqrt_sequential:Rvar[5] ; \sqrt_sequential:Rvar[63] ; current_state.end_state ; current_state.end_state ; 1.000        ; 0.004      ; 3.983      ;
; -3.375 ; \sqrt_sequential:Rvar[2] ; \sqrt_sequential:Rvar[60] ; current_state.end_state ; current_state.end_state ; 1.000        ; 0.018      ; 4.020      ;
; -3.370 ; Z[5]                     ; \sqrt_sequential:Rvar[59] ; CLK                     ; current_state.end_state ; 1.000        ; 0.133      ; 4.160      ;
; -3.369 ; \sqrt_sequential:Rvar[8] ; Zin[0]                    ; current_state.end_state ; current_state.end_state ; 1.000        ; 0.052      ; 3.977      ;
; -3.366 ; \sqrt_sequential:Rvar[1] ; \sqrt_sequential:Rvar[58] ; current_state.end_state ; current_state.end_state ; 1.000        ; -0.009     ; 3.974      ;
; -3.360 ; \sqrt_sequential:Rvar[7] ; Zin[0]                    ; current_state.end_state ; current_state.end_state ; 1.000        ; 0.057      ; 3.973      ;
; -3.357 ; \sqrt_sequential:Rvar[1] ; \sqrt_sequential:Rvar[61] ; current_state.end_state ; current_state.end_state ; 1.000        ; -0.009     ; 3.978      ;
; -3.352 ; Z[5]                     ; \sqrt_sequential:Rvar[60] ; CLK                     ; current_state.end_state ; 1.000        ; 0.158      ; 4.137      ;
; -3.345 ; Z[7]                     ; \sqrt_sequential:Rvar[58] ; CLK                     ; current_state.end_state ; 1.000        ; 0.169      ; 4.131      ;
; -3.345 ; Z[3]                     ; \sqrt_sequential:Rvar[57] ; CLK                     ; current_state.end_state ; 1.000        ; 0.129      ; 4.141      ;
; -3.344 ; Z[5]                     ; \sqrt_sequential:Rvar[57] ; CLK                     ; current_state.end_state ; 1.000        ; 0.133      ; 4.144      ;
; -3.343 ; Z[1]                     ; \sqrt_sequential:Rvar[55] ; CLK                     ; current_state.end_state ; 1.000        ; 0.128      ; 4.127      ;
; -3.343 ; \sqrt_sequential:Rvar[0] ; \sqrt_sequential:Rvar[56] ; current_state.end_state ; current_state.end_state ; 1.000        ; 0.005      ; 4.014      ;
; -3.340 ; \sqrt_sequential:Rvar[1] ; \sqrt_sequential:Rvar[59] ; current_state.end_state ; current_state.end_state ; 1.000        ; -0.045     ; 3.952      ;
; -3.338 ; \sqrt_sequential:Rvar[3] ; \sqrt_sequential:Rvar[58] ; current_state.end_state ; current_state.end_state ; 1.000        ; 0.044      ; 3.999      ;
; -3.338 ; \sqrt_sequential:Rvar[2] ; \sqrt_sequential:Rvar[57] ; current_state.end_state ; current_state.end_state ; 1.000        ; -0.007     ; 3.998      ;
; -3.336 ; Z[7]                     ; \sqrt_sequential:Rvar[61] ; CLK                     ; current_state.end_state ; 1.000        ; 0.169      ; 4.135      ;
; -3.335 ; Z[5]                     ; \sqrt_sequential:Rvar[58] ; CLK                     ; current_state.end_state ; 1.000        ; 0.169      ; 4.121      ;
; -3.333 ; \sqrt_sequential:Rvar[1] ; \sqrt_sequential:Rvar[60] ; current_state.end_state ; current_state.end_state ; 1.000        ; -0.020     ; 3.940      ;
; -3.331 ; Z[0]                     ; \sqrt_sequential:Rvar[55] ; CLK                     ; current_state.end_state ; 1.000        ; 0.128      ; 4.115      ;
; -3.329 ; \sqrt_sequential:Rvar[3] ; \sqrt_sequential:Rvar[61] ; current_state.end_state ; current_state.end_state ; 1.000        ; 0.044      ; 4.003      ;
; -3.323 ; Z[2]                     ; \sqrt_sequential:Rvar[56] ; CLK                     ; current_state.end_state ; 1.000        ; 0.129      ; 4.118      ;
; -3.319 ; Z[7]                     ; \sqrt_sequential:Rvar[59] ; CLK                     ; current_state.end_state ; 1.000        ; 0.133      ; 4.109      ;
; -3.319 ; \sqrt_sequential:Rvar[8] ; \sqrt_sequential:Rvar[63] ; current_state.end_state ; current_state.end_state ; 1.000        ; 0.053      ; 3.976      ;
; -3.312 ; Z[4]                     ; \sqrt_sequential:Rvar[61] ; CLK                     ; current_state.end_state ; 1.000        ; 0.169      ; 4.111      ;
; -3.312 ; Z[7]                     ; \sqrt_sequential:Rvar[60] ; CLK                     ; current_state.end_state ; 1.000        ; 0.158      ; 4.097      ;
; -3.312 ; \sqrt_sequential:Rvar[3] ; \sqrt_sequential:Rvar[59] ; current_state.end_state ; current_state.end_state ; 1.000        ; 0.008      ; 3.977      ;
; -3.311 ; Z[8]                     ; Zin[0]                    ; CLK                     ; current_state.end_state ; 1.000        ; 0.181      ; 4.048      ;
; -3.310 ; \sqrt_sequential:Rvar[7] ; \sqrt_sequential:Rvar[63] ; current_state.end_state ; current_state.end_state ; 1.000        ; 0.058      ; 3.972      ;
; -3.308 ; Z[0]                     ; \sqrt_sequential:Rvar[54] ; CLK                     ; current_state.end_state ; 1.000        ; 0.138      ; 4.118      ;
; -3.307 ; Z[4]                     ; \sqrt_sequential:Rvar[59] ; CLK                     ; current_state.end_state ; 1.000        ; 0.133      ; 4.097      ;
; -3.306 ; Z[6]                     ; \sqrt_sequential:Rvar[61] ; CLK                     ; current_state.end_state ; 1.000        ; 0.169      ; 4.105      ;
; -3.305 ; \sqrt_sequential:Rvar[3] ; \sqrt_sequential:Rvar[60] ; current_state.end_state ; current_state.end_state ; 1.000        ; 0.033      ; 3.965      ;
; -3.304 ; Z[3]                     ; \sqrt_sequential:Rvar[56] ; CLK                     ; current_state.end_state ; 1.000        ; 0.129      ; 4.099      ;
; -3.302 ; \sqrt_sequential:Rvar[4] ; \sqrt_sequential:Rvar[61] ; current_state.end_state ; current_state.end_state ; 1.000        ; 0.020      ; 3.952      ;
; -3.301 ; Z[6]                     ; \sqrt_sequential:Rvar[59] ; CLK                     ; current_state.end_state ; 1.000        ; 0.133      ; 4.091      ;
; -3.297 ; \sqrt_sequential:Rvar[4] ; \sqrt_sequential:Rvar[59] ; current_state.end_state ; current_state.end_state ; 1.000        ; -0.016     ; 3.938      ;
; -3.294 ; Z[9]                     ; Zin[0]                    ; CLK                     ; current_state.end_state ; 1.000        ; 0.181      ; 4.031      ;
; -3.291 ; Z[5]                     ; \sqrt_sequential:Rvar[56] ; CLK                     ; current_state.end_state ; 1.000        ; 0.133      ; 4.090      ;
; -3.289 ; D[63]                    ; Zin[0]                    ; CLK                     ; current_state.end_state ; 1.000        ; 0.181      ; 4.026      ;
; -3.289 ; Z[4]                     ; \sqrt_sequential:Rvar[60] ; CLK                     ; current_state.end_state ; 1.000        ; 0.158      ; 4.074      ;
+--------+--------------------------+---------------------------+-------------------------+-------------------------+--------------+------------+------------+


+--------------------------------------------------------------------------------------------------------------------------------------------------+
; Fast Model Setup: 'CLK'                                                                                                                          ;
+--------+----------------------------+--------------------------+--------------------------+-------------+--------------+------------+------------+
; Slack  ; From Node                  ; To Node                  ; Launch Clock             ; Latch Clock ; Relationship ; Clock Skew ; Data Delay ;
+--------+----------------------------+--------------------------+--------------------------+-------------+--------------+------------+------------+
; -0.617 ; next_state.wait_state_2627 ; current_state.wait_state ; CNT[0]                   ; CLK         ; 0.500        ; -0.926     ; 0.221      ;
; -0.482 ; next_state.exec_state_2618 ; current_state.exec_state ; CNT[0]                   ; CLK         ; 0.500        ; -0.972     ; 0.040      ;
; -0.437 ; next_state.end_state_2609  ; current_state.end_state  ; CNT[0]                   ; CLK         ; 0.500        ; -0.927     ; 0.040      ;
; 0.052  ; CNTin[1]                   ; CNT[1]                   ; current_state.end_state  ; CLK         ; 1.000        ; -0.506     ; 0.472      ;
; 0.202  ; next_state.wait_state_2627 ; current_state.wait_state ; current_state.exec_state ; CLK         ; 1.000        ; -0.607     ; 0.221      ;
; 0.336  ; CNTin[13]                  ; CNT[13]                  ; current_state.end_state  ; CLK         ; 1.000        ; -0.494     ; 0.200      ;
; 0.337  ; next_state.exec_state_2618 ; current_state.exec_state ; current_state.exec_state ; CLK         ; 1.000        ; -0.653     ; 0.040      ;
; 0.360  ; CNTin[21]                  ; CNT[21]                  ; current_state.end_state  ; CLK         ; 1.000        ; -0.469     ; 0.201      ;
; 0.382  ; next_state.end_state_2609  ; current_state.end_state  ; current_state.exec_state ; CLK         ; 1.000        ; -0.608     ; 0.040      ;
; 0.415  ; CNTin[27]                  ; CNT[27]                  ; current_state.end_state  ; CLK         ; 1.000        ; -0.575     ; 0.040      ;
; 0.444  ; CNTin[25]                  ; CNT[25]                  ; current_state.end_state  ; CLK         ; 1.000        ; -0.546     ; 0.040      ;
; 0.451  ; CNTin[24]                  ; CNT[24]                  ; current_state.end_state  ; CLK         ; 1.000        ; -0.539     ; 0.040      ;
; 0.451  ; CNTin[26]                  ; CNT[26]                  ; current_state.end_state  ; CLK         ; 1.000        ; -0.539     ; 0.040      ;
; 0.452  ; CNTin[29]                  ; CNT[29]                  ; current_state.end_state  ; CLK         ; 1.000        ; -0.538     ; 0.040      ;
; 0.453  ; CNTin[28]                  ; CNT[28]                  ; current_state.end_state  ; CLK         ; 1.000        ; -0.537     ; 0.040      ;
; 0.454  ; CNTin[31]                  ; CNT[31]                  ; current_state.end_state  ; CLK         ; 1.000        ; -0.536     ; 0.040      ;
; 0.477  ; CNTin[8]                   ; CNT[8]                   ; current_state.end_state  ; CLK         ; 1.000        ; -0.513     ; 0.040      ;
; 0.477  ; CNTin[10]                  ; CNT[10]                  ; current_state.end_state  ; CLK         ; 1.000        ; -0.513     ; 0.040      ;
; 0.477  ; CNTin[11]                  ; CNT[11]                  ; current_state.end_state  ; CLK         ; 1.000        ; -0.513     ; 0.040      ;
; 0.477  ; CNTin[15]                  ; CNT[15]                  ; current_state.end_state  ; CLK         ; 1.000        ; -0.513     ; 0.040      ;
; 0.478  ; CNTin[12]                  ; CNT[12]                  ; current_state.end_state  ; CLK         ; 1.000        ; -0.512     ; 0.040      ;
; 0.478  ; CNTin[14]                  ; CNT[14]                  ; current_state.end_state  ; CLK         ; 1.000        ; -0.512     ; 0.040      ;
; 0.480  ; CNTin[9]                   ; CNT[9]                   ; current_state.end_state  ; CLK         ; 1.000        ; -0.510     ; 0.040      ;
; 0.482  ; CNTin[30]                  ; CNT[30]                  ; current_state.end_state  ; CLK         ; 1.000        ; -0.508     ; 0.040      ;
; 0.487  ; CNTin[3]                   ; CNT[3]                   ; current_state.end_state  ; CLK         ; 1.000        ; -0.503     ; 0.040      ;
; 0.487  ; CNTin[5]                   ; CNT[5]                   ; current_state.end_state  ; CLK         ; 1.000        ; -0.503     ; 0.040      ;
; 0.487  ; CNTin[6]                   ; CNT[6]                   ; current_state.end_state  ; CLK         ; 1.000        ; -0.503     ; 0.040      ;
; 0.487  ; CNTin[7]                   ; CNT[7]                   ; current_state.end_state  ; CLK         ; 1.000        ; -0.503     ; 0.040      ;
; 0.490  ; CNTin[4]                   ; CNT[4]                   ; current_state.end_state  ; CLK         ; 1.000        ; -0.500     ; 0.040      ;
; 0.492  ; CNTin[2]                   ; CNT[2]                   ; current_state.end_state  ; CLK         ; 1.000        ; -0.498     ; 0.040      ;
; 0.499  ; CNTin[17]                  ; CNT[17]                  ; current_state.end_state  ; CLK         ; 1.000        ; -0.491     ; 0.040      ;
; 0.500  ; CNTin[16]                  ; CNT[16]                  ; current_state.end_state  ; CLK         ; 1.000        ; -0.490     ; 0.040      ;
; 0.500  ; CNTin[19]                  ; CNT[19]                  ; current_state.end_state  ; CLK         ; 1.000        ; -0.490     ; 0.040      ;
; 0.500  ; CNTin[22]                  ; CNT[22]                  ; current_state.end_state  ; CLK         ; 1.000        ; -0.490     ; 0.040      ;
; 0.500  ; CNTin[23]                  ; CNT[23]                  ; current_state.end_state  ; CLK         ; 1.000        ; -0.490     ; 0.040      ;
; 0.502  ; CNTin[18]                  ; CNT[18]                  ; current_state.end_state  ; CLK         ; 1.000        ; -0.488     ; 0.040      ;
; 0.503  ; CNTin[20]                  ; CNT[20]                  ; current_state.end_state  ; CLK         ; 1.000        ; -0.487     ; 0.040      ;
; 0.713  ; Zin[29]                    ; Z[29]                    ; current_state.end_state  ; CLK         ; 1.000        ; -0.118     ; 0.199      ;
; 0.724  ; Zin[31]                    ; Z[31]                    ; current_state.end_state  ; CLK         ; 1.000        ; -0.108     ; 0.198      ;
; 0.793  ; Zin[13]                    ; Z[13]                    ; current_state.end_state  ; CLK         ; 1.000        ; -0.197     ; 0.040      ;
; 0.793  ; Zin[14]                    ; Z[14]                    ; current_state.end_state  ; CLK         ; 1.000        ; -0.197     ; 0.040      ;
; 0.795  ; Din[29]                    ; D[29]                    ; current_state.end_state  ; CLK         ; 1.000        ; -0.195     ; 0.040      ;
; 0.796  ; Din[25]                    ; D[25]                    ; current_state.end_state  ; CLK         ; 1.000        ; -0.194     ; 0.040      ;
; 0.798  ; Din[31]                    ; D[31]                    ; current_state.end_state  ; CLK         ; 1.000        ; -0.192     ; 0.040      ;
; 0.799  ; Din[17]                    ; D[17]                    ; current_state.end_state  ; CLK         ; 1.000        ; -0.191     ; 0.040      ;
; 0.808  ; Zin[17]                    ; Z[17]                    ; current_state.end_state  ; CLK         ; 1.000        ; -0.182     ; 0.040      ;
; 0.811  ; Zin[12]                    ; Z[12]                    ; current_state.end_state  ; CLK         ; 1.000        ; -0.179     ; 0.040      ;
; 0.813  ; Zin[10]                    ; Z[10]                    ; current_state.end_state  ; CLK         ; 1.000        ; -0.177     ; 0.040      ;
; 0.813  ; Zin[0]                     ; Z[0]                     ; current_state.end_state  ; CLK         ; 1.000        ; -0.177     ; 0.040      ;
; 0.816  ; Din[62]                    ; D[62]                    ; current_state.end_state  ; CLK         ; 1.000        ; -0.174     ; 0.040      ;
; 0.817  ; Din[58]                    ; D[58]                    ; current_state.end_state  ; CLK         ; 1.000        ; -0.173     ; 0.040      ;
; 0.817  ; Zin[5]                     ; Z[5]                     ; current_state.end_state  ; CLK         ; 1.000        ; -0.173     ; 0.040      ;
; 0.817  ; Zin[7]                     ; Z[7]                     ; current_state.end_state  ; CLK         ; 1.000        ; -0.173     ; 0.040      ;
; 0.817  ; Zin[8]                     ; Z[8]                     ; current_state.end_state  ; CLK         ; 1.000        ; -0.173     ; 0.040      ;
; 0.818  ; Din[18]                    ; D[18]                    ; current_state.end_state  ; CLK         ; 1.000        ; -0.172     ; 0.040      ;
; 0.818  ; Din[54]                    ; D[54]                    ; current_state.end_state  ; CLK         ; 1.000        ; -0.172     ; 0.040      ;
; 0.820  ; Din[16]                    ; D[16]                    ; current_state.end_state  ; CLK         ; 1.000        ; -0.170     ; 0.040      ;
; 0.821  ; Din[38]                    ; D[38]                    ; current_state.end_state  ; CLK         ; 1.000        ; -0.169     ; 0.040      ;
; 0.821  ; Din[50]                    ; D[50]                    ; current_state.end_state  ; CLK         ; 1.000        ; -0.169     ; 0.040      ;
; 0.822  ; Din[42]                    ; D[42]                    ; current_state.end_state  ; CLK         ; 1.000        ; -0.168     ; 0.040      ;
; 0.822  ; Din[52]                    ; D[52]                    ; current_state.end_state  ; CLK         ; 1.000        ; -0.168     ; 0.040      ;
; 0.823  ; Din[12]                    ; D[12]                    ; current_state.end_state  ; CLK         ; 1.000        ; -0.167     ; 0.040      ;
; 0.823  ; Din[30]                    ; D[30]                    ; current_state.end_state  ; CLK         ; 1.000        ; -0.167     ; 0.040      ;
; 0.824  ; Din[4]                     ; D[4]                     ; current_state.end_state  ; CLK         ; 1.000        ; -0.166     ; 0.040      ;
; 0.824  ; Din[14]                    ; D[14]                    ; current_state.end_state  ; CLK         ; 1.000        ; -0.166     ; 0.040      ;
; 0.824  ; Din[22]                    ; D[22]                    ; current_state.end_state  ; CLK         ; 1.000        ; -0.166     ; 0.040      ;
; 0.827  ; Din[47]                    ; D[47]                    ; current_state.end_state  ; CLK         ; 1.000        ; -0.163     ; 0.040      ;
; 0.827  ; Din[59]                    ; D[59]                    ; current_state.end_state  ; CLK         ; 1.000        ; -0.163     ; 0.040      ;
; 0.827  ; Din[63]                    ; D[63]                    ; current_state.end_state  ; CLK         ; 1.000        ; -0.163     ; 0.040      ;
; 0.828  ; Din[33]                    ; D[33]                    ; current_state.end_state  ; CLK         ; 1.000        ; -0.162     ; 0.040      ;
; 0.828  ; Din[37]                    ; D[37]                    ; current_state.end_state  ; CLK         ; 1.000        ; -0.162     ; 0.040      ;
; 0.828  ; Din[39]                    ; D[39]                    ; current_state.end_state  ; CLK         ; 1.000        ; -0.162     ; 0.040      ;
; 0.828  ; Din[61]                    ; D[61]                    ; current_state.end_state  ; CLK         ; 1.000        ; -0.162     ; 0.040      ;
; 0.831  ; Din[9]                     ; D[9]                     ; current_state.end_state  ; CLK         ; 1.000        ; -0.159     ; 0.040      ;
; 0.831  ; Din[49]                    ; D[49]                    ; current_state.end_state  ; CLK         ; 1.000        ; -0.159     ; 0.040      ;
; 0.832  ; Din[13]                    ; D[13]                    ; current_state.end_state  ; CLK         ; 1.000        ; -0.158     ; 0.040      ;
; 0.832  ; Din[15]                    ; D[15]                    ; current_state.end_state  ; CLK         ; 1.000        ; -0.158     ; 0.040      ;
; 0.835  ; Din[36]                    ; D[36]                    ; current_state.end_state  ; CLK         ; 1.000        ; -0.155     ; 0.040      ;
; 0.836  ; Din[28]                    ; D[28]                    ; current_state.end_state  ; CLK         ; 1.000        ; -0.154     ; 0.040      ;
; 0.841  ; Zin[3]                     ; Z[3]                     ; current_state.end_state  ; CLK         ; 1.000        ; -0.149     ; 0.040      ;
; 0.856  ; Zin[19]                    ; Z[19]                    ; current_state.end_state  ; CLK         ; 1.000        ; -0.134     ; 0.040      ;
; 0.857  ; Zin[16]                    ; Z[16]                    ; current_state.end_state  ; CLK         ; 1.000        ; -0.133     ; 0.040      ;
; 0.857  ; Zin[18]                    ; Z[18]                    ; current_state.end_state  ; CLK         ; 1.000        ; -0.133     ; 0.040      ;
; 0.858  ; Zin[15]                    ; Z[15]                    ; current_state.end_state  ; CLK         ; 1.000        ; -0.132     ; 0.040      ;
; 0.859  ; CNTin[0]                   ; CNT[0]                   ; current_state.end_state  ; CLK         ; 1.000        ; -0.131     ; 0.040      ;
; 0.859  ; Din[32]                    ; D[32]                    ; current_state.end_state  ; CLK         ; 1.000        ; -0.131     ; 0.040      ;
; 0.860  ; Din[24]                    ; D[24]                    ; current_state.end_state  ; CLK         ; 1.000        ; -0.130     ; 0.040      ;
; 0.860  ; Zin[20]                    ; Z[20]                    ; current_state.end_state  ; CLK         ; 1.000        ; -0.130     ; 0.040      ;
; 0.861  ; Din[26]                    ; D[26]                    ; current_state.end_state  ; CLK         ; 1.000        ; -0.129     ; 0.040      ;
; 0.862  ; Din[34]                    ; D[34]                    ; current_state.end_state  ; CLK         ; 1.000        ; -0.128     ; 0.040      ;
; 0.866  ; Zin[1]                     ; Z[1]                     ; current_state.end_state  ; CLK         ; 1.000        ; -0.124     ; 0.040      ;
; 0.866  ; Zin[2]                     ; Z[2]                     ; current_state.end_state  ; CLK         ; 1.000        ; -0.124     ; 0.040      ;
; 0.868  ; Din[1]                     ; D[1]                     ; current_state.end_state  ; CLK         ; 1.000        ; -0.122     ; 0.040      ;
; 0.868  ; Din[11]                    ; D[11]                    ; current_state.end_state  ; CLK         ; 1.000        ; -0.122     ; 0.040      ;
; 0.869  ; Din[3]                     ; D[3]                     ; current_state.end_state  ; CLK         ; 1.000        ; -0.121     ; 0.040      ;
; 0.869  ; Din[5]                     ; D[5]                     ; current_state.end_state  ; CLK         ; 1.000        ; -0.121     ; 0.040      ;
; 0.869  ; Din[19]                    ; D[19]                    ; current_state.end_state  ; CLK         ; 1.000        ; -0.121     ; 0.040      ;
; 0.870  ; Din[7]                     ; D[7]                     ; current_state.end_state  ; CLK         ; 1.000        ; -0.120     ; 0.040      ;
; 0.870  ; Din[23]                    ; D[23]                    ; current_state.end_state  ; CLK         ; 1.000        ; -0.120     ; 0.040      ;
; 0.870  ; Din[27]                    ; D[27]                    ; current_state.end_state  ; CLK         ; 1.000        ; -0.120     ; 0.040      ;
+--------+----------------------------+--------------------------+--------------------------+-------------+--------------+------------+------------+


+-------------------------------------------------------------------------------------------------------------------------------------------------+
; Fast Model Setup: 'CNT[0]'                                                                                                                      ;
+-------+--------------------------+----------------------------+--------------------------+-------------+--------------+------------+------------+
; Slack ; From Node                ; To Node                    ; Launch Clock             ; Latch Clock ; Relationship ; Clock Skew ; Data Delay ;
+-------+--------------------------+----------------------------+--------------------------+-------------+--------------+------------+------------+
; 0.611 ; current_state.wait_state ; next_state.exec_state_2618 ; CLK                      ; CNT[0]      ; 0.500        ; 0.972      ; 0.495      ;
; 2.122 ; current_state.exec_state ; next_state.end_state_2609  ; current_state.exec_state ; CNT[0]      ; 0.500        ; 2.611      ; 0.796      ;
; 2.126 ; current_state.exec_state ; next_state.wait_state_2627 ; current_state.exec_state ; CNT[0]      ; 0.500        ; 2.610      ; 0.789      ;
; 2.248 ; current_state.end_state  ; next_state.end_state_2609  ; current_state.end_state  ; CNT[0]      ; 0.500        ; 2.611      ; 0.670      ;
; 2.622 ; current_state.exec_state ; next_state.end_state_2609  ; current_state.exec_state ; CNT[0]      ; 1.000        ; 2.611      ; 0.796      ;
; 2.626 ; current_state.exec_state ; next_state.wait_state_2627 ; current_state.exec_state ; CNT[0]      ; 1.000        ; 2.610      ; 0.789      ;
; 2.748 ; current_state.end_state  ; next_state.end_state_2609  ; current_state.end_state  ; CNT[0]      ; 1.000        ; 2.611      ; 0.670      ;
+-------+--------------------------+----------------------------+--------------------------+-------------+--------------+------------+------------+


+--------------------------------------------------------------------------------------------------------------------------------------------------------------+
; Fast Model Setup: 'current_state.exec_state'                                                                                                                 ;
+-------+--------------------------+----------------------------+--------------------------+--------------------------+--------------+------------+------------+
; Slack ; From Node                ; To Node                    ; Launch Clock             ; Latch Clock              ; Relationship ; Clock Skew ; Data Delay ;
+-------+--------------------------+----------------------------+--------------------------+--------------------------+--------------+------------+------------+
; 0.792 ; current_state.wait_state ; next_state.exec_state_2618 ; CLK                      ; current_state.exec_state ; 1.000        ; 0.653      ; 0.495      ;
; 1.558 ; current_state.end_state  ; DONE$latch                 ; current_state.end_state  ; current_state.exec_state ; 0.500        ; 1.727      ; 0.543      ;
; 1.803 ; current_state.exec_state ; next_state.end_state_2609  ; current_state.exec_state ; current_state.exec_state ; 0.500        ; 2.292      ; 0.796      ;
; 1.807 ; current_state.exec_state ; next_state.wait_state_2627 ; current_state.exec_state ; current_state.exec_state ; 0.500        ; 2.291      ; 0.789      ;
; 1.929 ; current_state.end_state  ; next_state.end_state_2609  ; current_state.end_state  ; current_state.exec_state ; 0.500        ; 2.292      ; 0.670      ;
; 2.058 ; current_state.end_state  ; DONE$latch                 ; current_state.end_state  ; current_state.exec_state ; 1.000        ; 1.727      ; 0.543      ;
; 2.303 ; current_state.exec_state ; next_state.end_state_2609  ; current_state.exec_state ; current_state.exec_state ; 1.000        ; 2.292      ; 0.796      ;
; 2.307 ; current_state.exec_state ; next_state.wait_state_2627 ; current_state.exec_state ; current_state.exec_state ; 1.000        ; 2.291      ; 0.789      ;
; 2.429 ; current_state.end_state  ; next_state.end_state_2609  ; current_state.end_state  ; current_state.exec_state ; 1.000        ; 2.292      ; 0.670      ;
+-------+--------------------------+----------------------------+--------------------------+--------------------------+--------------+------------+------------+


+--------------------------------------------------------------------------------------------------------------------------------------------------+
; Fast Model Hold: 'CNT[0]'                                                                                                                        ;
+--------+--------------------------+----------------------------+--------------------------+-------------+--------------+------------+------------+
; Slack  ; From Node                ; To Node                    ; Launch Clock             ; Latch Clock ; Relationship ; Clock Skew ; Data Delay ;
+--------+--------------------------+----------------------------+--------------------------+-------------+--------------+------------+------------+
; -2.076 ; current_state.end_state  ; next_state.end_state_2609  ; current_state.end_state  ; CNT[0]      ; 0.000        ; 2.611      ; 0.670      ;
; -1.956 ; current_state.exec_state ; next_state.wait_state_2627 ; current_state.exec_state ; CNT[0]      ; 0.000        ; 2.610      ; 0.789      ;
; -1.950 ; current_state.exec_state ; next_state.end_state_2609  ; current_state.exec_state ; CNT[0]      ; 0.000        ; 2.611      ; 0.796      ;
; -1.576 ; current_state.end_state  ; next_state.end_state_2609  ; current_state.end_state  ; CNT[0]      ; -0.500       ; 2.611      ; 0.670      ;
; -1.456 ; current_state.exec_state ; next_state.wait_state_2627 ; current_state.exec_state ; CNT[0]      ; -0.500       ; 2.610      ; 0.789      ;
; -1.450 ; current_state.exec_state ; next_state.end_state_2609  ; current_state.exec_state ; CNT[0]      ; -0.500       ; 2.611      ; 0.796      ;
; 0.023  ; current_state.wait_state ; next_state.exec_state_2618 ; CLK                      ; CNT[0]      ; -0.500       ; 0.972      ; 0.495      ;
+--------+--------------------------+----------------------------+--------------------------+-------------+--------------+------------+------------+


+---------------------------------------------------------------------------------------------------------------------------------------------------------------+
; Fast Model Hold: 'current_state.exec_state'                                                                                                                   ;
+--------+--------------------------+----------------------------+--------------------------+--------------------------+--------------+------------+------------+
; Slack  ; From Node                ; To Node                    ; Launch Clock             ; Latch Clock              ; Relationship ; Clock Skew ; Data Delay ;
+--------+--------------------------+----------------------------+--------------------------+--------------------------+--------------+------------+------------+
; -1.757 ; current_state.end_state  ; next_state.end_state_2609  ; current_state.end_state  ; current_state.exec_state ; 0.000        ; 2.292      ; 0.670      ;
; -1.637 ; current_state.exec_state ; next_state.wait_state_2627 ; current_state.exec_state ; current_state.exec_state ; 0.000        ; 2.291      ; 0.789      ;
; -1.631 ; current_state.exec_state ; next_state.end_state_2609  ; current_state.exec_state ; current_state.exec_state ; 0.000        ; 2.292      ; 0.796      ;
; -1.319 ; current_state.end_state  ; DONE$latch                 ; current_state.end_state  ; current_state.exec_state ; 0.000        ; 1.727      ; 0.543      ;
; -1.257 ; current_state.end_state  ; next_state.end_state_2609  ; current_state.end_state  ; current_state.exec_state ; -0.500       ; 2.292      ; 0.670      ;
; -1.137 ; current_state.exec_state ; next_state.wait_state_2627 ; current_state.exec_state ; current_state.exec_state ; -0.500       ; 2.291      ; 0.789      ;
; -1.131 ; current_state.exec_state ; next_state.end_state_2609  ; current_state.exec_state ; current_state.exec_state ; -0.500       ; 2.292      ; 0.796      ;
; -0.819 ; current_state.end_state  ; DONE$latch                 ; current_state.end_state  ; current_state.exec_state ; -0.500       ; 1.727      ; 0.543      ;
; -0.158 ; current_state.wait_state ; next_state.exec_state_2618 ; CLK                      ; current_state.exec_state ; 0.000        ; 0.653      ; 0.495      ;
+--------+--------------------------+----------------------------+--------------------------+--------------------------+--------------+------------+------------+


+-------------------------------------------------------------------------------------------------------------------------------------------------------------+
; Fast Model Hold: 'current_state.end_state'                                                                                                                  ;
+--------+--------------------------+---------------------------+--------------------------+-------------------------+--------------+------------+------------+
; Slack  ; From Node                ; To Node                   ; Launch Clock             ; Latch Clock             ; Relationship ; Clock Skew ; Data Delay ;
+--------+--------------------------+---------------------------+--------------------------+-------------------------+--------------+------------+------------+
; -1.225 ; current_state.exec_state ; Zin[3]                    ; current_state.exec_state ; current_state.end_state ; 0.000        ; 1.835      ; 0.745      ;
; -1.192 ; current_state.exec_state ; CNTin[1]                  ; current_state.exec_state ; current_state.end_state ; 0.000        ; 1.814      ; 0.757      ;
; -1.174 ; current_state.exec_state ; CNTin[21]                 ; current_state.exec_state ; current_state.end_state ; 0.000        ; 1.783      ; 0.744      ;
; -1.173 ; current_state.exec_state ; \sqrt_sequential:Rvar[27] ; current_state.exec_state ; current_state.end_state ; 0.000        ; 1.836      ; 0.798      ;
; -1.166 ; current_state.exec_state ; Din[58]                   ; current_state.exec_state ; current_state.end_state ; 0.000        ; 1.849      ; 0.818      ;
; -1.163 ; current_state.exec_state ; Din[52]                   ; current_state.exec_state ; current_state.end_state ; 0.000        ; 1.844      ; 0.816      ;
; -1.159 ; current_state.exec_state ; Din[16]                   ; current_state.exec_state ; current_state.end_state ; 0.000        ; 1.846      ; 0.822      ;
; -1.159 ; current_state.exec_state ; Din[62]                   ; current_state.exec_state ; current_state.end_state ; 0.000        ; 1.850      ; 0.826      ;
; -1.157 ; current_state.exec_state ; Din[50]                   ; current_state.exec_state ; current_state.end_state ; 0.000        ; 1.845      ; 0.823      ;
; -1.156 ; current_state.exec_state ; Din[54]                   ; current_state.exec_state ; current_state.end_state ; 0.000        ; 1.848      ; 0.827      ;
; -1.152 ; current_state.exec_state ; Din[38]                   ; current_state.exec_state ; current_state.end_state ; 0.000        ; 1.845      ; 0.828      ;
; -1.151 ; current_state.exec_state ; Din[42]                   ; current_state.exec_state ; current_state.end_state ; 0.000        ; 1.844      ; 0.828      ;
; -1.139 ; current_state.exec_state ; CNTin[24]                 ; current_state.exec_state ; current_state.end_state ; 0.000        ; 1.864      ; 0.860      ;
; -1.139 ; current_state.exec_state ; Zin[22]                   ; current_state.exec_state ; current_state.end_state ; 0.000        ; 1.806      ; 0.802      ;
; -1.138 ; current_state.exec_state ; Zin[0]                    ; current_state.exec_state ; current_state.end_state ; 0.000        ; 1.863      ; 0.860      ;
; -1.137 ; current_state.exec_state ; \sqrt_sequential:Rvar[63] ; current_state.exec_state ; current_state.end_state ; 0.000        ; 1.864      ; 0.862      ;
; -1.136 ; current_state.exec_state ; CNTin[29]                 ; current_state.exec_state ; current_state.end_state ; 0.000        ; 1.863      ; 0.862      ;
; -1.099 ; current_state.exec_state ; CNTin[3]                  ; current_state.exec_state ; current_state.end_state ; 0.000        ; 1.811      ; 0.847      ;
; -1.097 ; current_state.exec_state ; Zin[1]                    ; current_state.exec_state ; current_state.end_state ; 0.000        ; 1.810      ; 0.848      ;
; -1.092 ; current_state.exec_state ; Zin[2]                    ; current_state.exec_state ; current_state.end_state ; 0.000        ; 1.810      ; 0.853      ;
; -1.090 ; current_state.exec_state ; CNTin[7]                  ; current_state.exec_state ; current_state.end_state ; 0.000        ; 1.811      ; 0.856      ;
; -1.090 ; current_state.exec_state ; Zin[30]                   ; current_state.exec_state ; current_state.end_state ; 0.000        ; 1.792      ; 0.837      ;
; -1.089 ; current_state.exec_state ; \sqrt_sequential:Rvar[8]  ; current_state.exec_state ; current_state.end_state ; 0.000        ; 1.811      ; 0.857      ;
; -1.084 ; current_state.exec_state ; \sqrt_sequential:Rvar[26] ; current_state.exec_state ; current_state.end_state ; 0.000        ; 1.830      ; 0.881      ;
; -1.083 ; current_state.exec_state ; \sqrt_sequential:Rvar[33] ; current_state.exec_state ; current_state.end_state ; 0.000        ; 1.855      ; 0.907      ;
; -1.082 ; current_state.exec_state ; Din[18]                   ; current_state.exec_state ; current_state.end_state ; 0.000        ; 1.848      ; 0.901      ;
; -1.081 ; current_state.exec_state ; \sqrt_sequential:Rvar[24] ; current_state.exec_state ; current_state.end_state ; 0.000        ; 1.829      ; 0.883      ;
; -1.079 ; current_state.exec_state ; \sqrt_sequential:Rvar[25] ; current_state.exec_state ; current_state.end_state ; 0.000        ; 1.829      ; 0.885      ;
; -1.078 ; current_state.exec_state ; \sqrt_sequential:Rvar[21] ; current_state.exec_state ; current_state.end_state ; 0.000        ; 1.828      ; 0.885      ;
; -1.078 ; current_state.exec_state ; \sqrt_sequential:Rvar[22] ; current_state.exec_state ; current_state.end_state ; 0.000        ; 1.831      ; 0.888      ;
; -1.078 ; current_state.exec_state ; \sqrt_sequential:Rvar[47] ; current_state.exec_state ; current_state.end_state ; 0.000        ; 1.832      ; 0.889      ;
; -1.076 ; current_state.exec_state ; Din[29]                   ; current_state.exec_state ; current_state.end_state ; 0.000        ; 1.881      ; 0.940      ;
; -1.073 ; current_state.exec_state ; Din[37]                   ; current_state.exec_state ; current_state.end_state ; 0.000        ; 1.848      ; 0.910      ;
; -1.073 ; current_state.exec_state ; \sqrt_sequential:Rvar[42] ; current_state.exec_state ; current_state.end_state ; 0.000        ; 1.829      ; 0.891      ;
; -1.071 ; current_state.exec_state ; Zin[11]                   ; current_state.exec_state ; current_state.end_state ; 0.000        ; 1.788      ; 0.852      ;
; -1.071 ; current_state.exec_state ; Zin[21]                   ; current_state.exec_state ; current_state.end_state ; 0.000        ; 1.805      ; 0.869      ;
; -1.070 ; current_state.exec_state ; Din[33]                   ; current_state.exec_state ; current_state.end_state ; 0.000        ; 1.848      ; 0.913      ;
; -1.070 ; current_state.exec_state ; Zin[23]                   ; current_state.exec_state ; current_state.end_state ; 0.000        ; 1.807      ; 0.872      ;
; -1.070 ; current_state.exec_state ; \sqrt_sequential:Rvar[45] ; current_state.exec_state ; current_state.end_state ; 0.000        ; 1.830      ; 0.895      ;
; -1.069 ; current_state.exec_state ; Din[13]                   ; current_state.exec_state ; current_state.end_state ; 0.000        ; 1.844      ; 0.910      ;
; -1.069 ; current_state.exec_state ; Zin[25]                   ; current_state.exec_state ; current_state.end_state ; 0.000        ; 1.805      ; 0.871      ;
; -1.069 ; current_state.exec_state ; Zin[26]                   ; current_state.exec_state ; current_state.end_state ; 0.000        ; 1.799      ; 0.865      ;
; -1.068 ; current_state.exec_state ; Zin[17]                   ; current_state.exec_state ; current_state.end_state ; 0.000        ; 1.864      ; 0.931      ;
; -1.067 ; current_state.exec_state ; Din[47]                   ; current_state.exec_state ; current_state.end_state ; 0.000        ; 1.849      ; 0.917      ;
; -1.066 ; current_state.exec_state ; Din[4]                    ; current_state.exec_state ; current_state.end_state ; 0.000        ; 1.843      ; 0.912      ;
; -1.066 ; current_state.exec_state ; \sqrt_sequential:Rvar[58] ; current_state.exec_state ; current_state.end_state ; 0.000        ; 1.851      ; 0.920      ;
; -1.065 ; current_state.exec_state ; Din[25]                   ; current_state.exec_state ; current_state.end_state ; 0.000        ; 1.880      ; 0.950      ;
; -1.064 ; current_state.exec_state ; Din[17]                   ; current_state.exec_state ; current_state.end_state ; 0.000        ; 1.877      ; 0.948      ;
; -1.064 ; current_state.exec_state ; Din[39]                   ; current_state.exec_state ; current_state.end_state ; 0.000        ; 1.848      ; 0.919      ;
; -1.063 ; current_state.exec_state ; Zin[27]                   ; current_state.exec_state ; current_state.end_state ; 0.000        ; 1.805      ; 0.877      ;
; -1.062 ; current_state.exec_state ; \sqrt_sequential:Rvar[12] ; current_state.exec_state ; current_state.end_state ; 0.000        ; 1.813      ; 0.886      ;
; -1.062 ; current_state.exec_state ; Zin[24]                   ; current_state.exec_state ; current_state.end_state ; 0.000        ; 1.804      ; 0.877      ;
; -1.061 ; current_state.exec_state ; Din[9]                    ; current_state.exec_state ; current_state.end_state ; 0.000        ; 1.845      ; 0.919      ;
; -1.061 ; current_state.exec_state ; Din[31]                   ; current_state.exec_state ; current_state.end_state ; 0.000        ; 1.878      ; 0.952      ;
; -1.060 ; current_state.exec_state ; CNTin[22]                 ; current_state.exec_state ; current_state.end_state ; 0.000        ; 1.811      ; 0.886      ;
; -1.060 ; current_state.exec_state ; Din[46]                   ; current_state.exec_state ; current_state.end_state ; 0.000        ; 1.792      ; 0.867      ;
; -1.060 ; current_state.exec_state ; \sqrt_sequential:Rvar[50] ; current_state.exec_state ; current_state.end_state ; 0.000        ; 1.822      ; 0.897      ;
; -1.056 ; current_state.exec_state ; CNTin[20]                 ; current_state.exec_state ; current_state.end_state ; 0.000        ; 1.808      ; 0.887      ;
; -1.056 ; current_state.exec_state ; Din[12]                   ; current_state.exec_state ; current_state.end_state ; 0.000        ; 1.844      ; 0.923      ;
; -1.056 ; current_state.exec_state ; Din[15]                   ; current_state.exec_state ; current_state.end_state ; 0.000        ; 1.844      ; 0.923      ;
; -1.054 ; current_state.exec_state ; Din[56]                   ; current_state.exec_state ; current_state.end_state ; 0.000        ; 1.786      ; 0.867      ;
; -1.051 ; current_state.exec_state ; Din[60]                   ; current_state.exec_state ; current_state.end_state ; 0.000        ; 1.786      ; 0.870      ;
; -1.051 ; current_state.exec_state ; Din[14]                   ; current_state.exec_state ; current_state.end_state ; 0.000        ; 1.843      ; 0.927      ;
; -1.050 ; current_state.exec_state ; Din[44]                   ; current_state.exec_state ; current_state.end_state ; 0.000        ; 1.791      ; 0.876      ;
; -1.049 ; current_state.exec_state ; Din[40]                   ; current_state.exec_state ; current_state.end_state ; 0.000        ; 1.792      ; 0.878      ;
; -1.049 ; current_state.exec_state ; Din[59]                   ; current_state.exec_state ; current_state.end_state ; 0.000        ; 1.845      ; 0.931      ;
; -1.048 ; current_state.exec_state ; Din[20]                   ; current_state.exec_state ; current_state.end_state ; 0.000        ; 1.786      ; 0.873      ;
; -1.048 ; current_state.exec_state ; Din[61]                   ; current_state.exec_state ; current_state.end_state ; 0.000        ; 1.844      ; 0.931      ;
; -1.048 ; current_state.exec_state ; Din[63]                   ; current_state.exec_state ; current_state.end_state ; 0.000        ; 1.845      ; 0.932      ;
; -1.047 ; current_state.exec_state ; Din[48]                   ; current_state.exec_state ; current_state.end_state ; 0.000        ; 1.790      ; 0.878      ;
; -1.047 ; current_state.exec_state ; Din[49]                   ; current_state.exec_state ; current_state.end_state ; 0.000        ; 1.841      ; 0.929      ;
; -1.040 ; current_state.exec_state ; \sqrt_sequential:Rvar[41] ; current_state.exec_state ; current_state.end_state ; 0.000        ; 1.831      ; 0.926      ;
; -1.039 ; current_state.exec_state ; \sqrt_sequential:Rvar[4]  ; current_state.exec_state ; current_state.end_state ; 0.000        ; 1.831      ; 0.927      ;
; -1.032 ; current_state.exec_state ; Zin[5]                    ; current_state.exec_state ; current_state.end_state ; 0.000        ; 1.855      ; 0.958      ;
; -1.030 ; current_state.exec_state ; Din[26]                   ; current_state.exec_state ; current_state.end_state ; 0.000        ; 1.799      ; 0.904      ;
; -1.030 ; current_state.exec_state ; Din[55]                   ; current_state.exec_state ; current_state.end_state ; 0.000        ; 1.798      ; 0.903      ;
; -1.029 ; current_state.exec_state ; CNTin[5]                  ; current_state.exec_state ; current_state.end_state ; 0.000        ; 1.811      ; 0.917      ;
; -1.028 ; current_state.exec_state ; \sqrt_sequential:Rvar[23] ; current_state.exec_state ; current_state.end_state ; 0.000        ; 1.846      ; 0.953      ;
; -1.027 ; current_state.exec_state ; CNTin[6]                  ; current_state.exec_state ; current_state.end_state ; 0.000        ; 1.811      ; 0.919      ;
; -1.025 ; current_state.exec_state ; \sqrt_sequential:Rvar[13] ; current_state.exec_state ; current_state.end_state ; 0.000        ; 1.841      ; 0.951      ;
; -1.025 ; current_state.exec_state ; Zin[20]                   ; current_state.exec_state ; current_state.end_state ; 0.000        ; 1.812      ; 0.922      ;
; -1.024 ; current_state.exec_state ; CNTin[4]                  ; current_state.exec_state ; current_state.end_state ; 0.000        ; 1.808      ; 0.919      ;
; -1.023 ; current_state.exec_state ; \sqrt_sequential:Rvar[17] ; current_state.exec_state ; current_state.end_state ; 0.000        ; 1.840      ; 0.952      ;
; -1.021 ; current_state.exec_state ; Din[30]                   ; current_state.exec_state ; current_state.end_state ; 0.000        ; 1.837      ; 0.951      ;
; -1.018 ; current_state.exec_state ; \sqrt_sequential:Rvar[49] ; current_state.exec_state ; current_state.end_state ; 0.000        ; 1.851      ; 0.968      ;
; -1.018 ; current_state.exec_state ; \sqrt_sequential:Rvar[51] ; current_state.exec_state ; current_state.end_state ; 0.000        ; 1.849      ; 0.966      ;
; -1.017 ; current_state.exec_state ; CNTin[8]                  ; current_state.exec_state ; current_state.end_state ; 0.000        ; 1.822      ; 0.940      ;
; -1.017 ; current_state.exec_state ; \sqrt_sequential:Rvar[46] ; current_state.exec_state ; current_state.end_state ; 0.000        ; 1.845      ; 0.963      ;
; -1.015 ; current_state.exec_state ; \sqrt_sequential:Rvar[44] ; current_state.exec_state ; current_state.end_state ; 0.000        ; 1.832      ; 0.952      ;
; -1.014 ; current_state.exec_state ; Din[22]                   ; current_state.exec_state ; current_state.end_state ; 0.000        ; 1.836      ; 0.957      ;
; -1.013 ; current_state.exec_state ; Zin[19]                   ; current_state.exec_state ; current_state.end_state ; 0.000        ; 1.816      ; 0.938      ;
; -1.011 ; current_state.exec_state ; \sqrt_sequential:Rvar[43] ; current_state.exec_state ; current_state.end_state ; 0.000        ; 1.830      ; 0.954      ;
; -1.010 ; current_state.exec_state ; CNTin[31]                 ; current_state.exec_state ; current_state.end_state ; 0.000        ; 1.861      ; 0.986      ;
; -1.009 ; current_state.exec_state ; CNTin[28]                 ; current_state.exec_state ; current_state.end_state ; 0.000        ; 1.862      ; 0.988      ;
; -1.005 ; current_state.exec_state ; \sqrt_sequential:Rvar[7]  ; current_state.exec_state ; current_state.end_state ; 0.000        ; 1.806      ; 0.936      ;
; -1.004 ; current_state.exec_state ; CNTin[23]                 ; current_state.exec_state ; current_state.end_state ; 0.000        ; 1.811      ; 0.942      ;
; -1.002 ; current_state.exec_state ; CNTin[27]                 ; current_state.exec_state ; current_state.end_state ; 0.000        ; 1.900      ; 1.033      ;
; -1.002 ; current_state.exec_state ; \sqrt_sequential:Rvar[2]  ; current_state.exec_state ; current_state.end_state ; 0.000        ; 1.822      ; 0.955      ;
; -1.002 ; current_state.exec_state ; \sqrt_sequential:Rvar[3]  ; current_state.exec_state ; current_state.end_state ; 0.000        ; 1.807      ; 0.940      ;
; -1.002 ; current_state.exec_state ; \sqrt_sequential:Rvar[6]  ; current_state.exec_state ; current_state.end_state ; 0.000        ; 1.807      ; 0.940      ;
+--------+--------------------------+---------------------------+--------------------------+-------------------------+--------------+------------+------------+


+---------------------------------------------------------------------------------------------------------------+
; Fast Model Hold: 'CLK'                                                                                        ;
+--------+-----------+---------+-------------------------+-------------+--------------+------------+------------+
; Slack  ; From Node ; To Node ; Launch Clock            ; Latch Clock ; Relationship ; Clock Skew ; Data Delay ;
+--------+-----------+---------+-------------------------+-------------+--------------+------------+------------+
; -0.003 ; Zin[30]   ; Z[30]   ; current_state.end_state ; CLK         ; 0.000        ; -0.105     ; 0.040      ;
; 0.000  ; Din[0]    ; D[0]    ; current_state.end_state ; CLK         ; 0.000        ; -0.108     ; 0.040      ;
; 0.000  ; Zin[11]   ; Z[11]   ; current_state.end_state ; CLK         ; 0.000        ; -0.108     ; 0.040      ;
; 0.002  ; Din[20]   ; D[20]   ; current_state.end_state ; CLK         ; 0.000        ; -0.110     ; 0.040      ;
; 0.002  ; Din[56]   ; D[56]   ; current_state.end_state ; CLK         ; 0.000        ; -0.110     ; 0.040      ;
; 0.002  ; Din[60]   ; D[60]   ; current_state.end_state ; CLK         ; 0.000        ; -0.110     ; 0.040      ;
; 0.003  ; Zin[26]   ; Z[26]   ; current_state.end_state ; CLK         ; 0.000        ; -0.111     ; 0.040      ;
; 0.003  ; Zin[28]   ; Z[28]   ; current_state.end_state ; CLK         ; 0.000        ; -0.111     ; 0.040      ;
; 0.005  ; Din[57]   ; D[57]   ; current_state.end_state ; CLK         ; 0.000        ; -0.113     ; 0.040      ;
; 0.006  ; Din[2]    ; D[2]    ; current_state.end_state ; CLK         ; 0.000        ; -0.114     ; 0.040      ;
; 0.006  ; Din[48]   ; D[48]   ; current_state.end_state ; CLK         ; 0.000        ; -0.114     ; 0.040      ;
; 0.006  ; Din[53]   ; D[53]   ; current_state.end_state ; CLK         ; 0.000        ; -0.114     ; 0.040      ;
; 0.007  ; Din[6]    ; D[6]    ; current_state.end_state ; CLK         ; 0.000        ; -0.115     ; 0.040      ;
; 0.007  ; Din[8]    ; D[8]    ; current_state.end_state ; CLK         ; 0.000        ; -0.115     ; 0.040      ;
; 0.007  ; Din[10]   ; D[10]   ; current_state.end_state ; CLK         ; 0.000        ; -0.115     ; 0.040      ;
; 0.007  ; Din[44]   ; D[44]   ; current_state.end_state ; CLK         ; 0.000        ; -0.115     ; 0.040      ;
; 0.007  ; Din[35]   ; D[35]   ; current_state.end_state ; CLK         ; 0.000        ; -0.115     ; 0.040      ;
; 0.007  ; Din[51]   ; D[51]   ; current_state.end_state ; CLK         ; 0.000        ; -0.115     ; 0.040      ;
; 0.007  ; Zin[6]    ; Z[6]    ; current_state.end_state ; CLK         ; 0.000        ; -0.115     ; 0.040      ;
; 0.008  ; Din[40]   ; D[40]   ; current_state.end_state ; CLK         ; 0.000        ; -0.116     ; 0.040      ;
; 0.008  ; Din[46]   ; D[46]   ; current_state.end_state ; CLK         ; 0.000        ; -0.116     ; 0.040      ;
; 0.008  ; Din[43]   ; D[43]   ; current_state.end_state ; CLK         ; 0.000        ; -0.116     ; 0.040      ;
; 0.008  ; Din[55]   ; D[55]   ; current_state.end_state ; CLK         ; 0.000        ; -0.116     ; 0.040      ;
; 0.008  ; Zin[9]    ; Z[9]    ; current_state.end_state ; CLK         ; 0.000        ; -0.116     ; 0.040      ;
; 0.008  ; Zin[24]   ; Z[24]   ; current_state.end_state ; CLK         ; 0.000        ; -0.116     ; 0.040      ;
; 0.009  ; Din[41]   ; D[41]   ; current_state.end_state ; CLK         ; 0.000        ; -0.117     ; 0.040      ;
; 0.009  ; Din[45]   ; D[45]   ; current_state.end_state ; CLK         ; 0.000        ; -0.117     ; 0.040      ;
; 0.009  ; Zin[4]    ; Z[4]    ; current_state.end_state ; CLK         ; 0.000        ; -0.117     ; 0.040      ;
; 0.009  ; Zin[21]   ; Z[21]   ; current_state.end_state ; CLK         ; 0.000        ; -0.117     ; 0.040      ;
; 0.009  ; Zin[25]   ; Z[25]   ; current_state.end_state ; CLK         ; 0.000        ; -0.117     ; 0.040      ;
; 0.009  ; Zin[27]   ; Z[27]   ; current_state.end_state ; CLK         ; 0.000        ; -0.117     ; 0.040      ;
; 0.010  ; Din[21]   ; D[21]   ; current_state.end_state ; CLK         ; 0.000        ; -0.118     ; 0.040      ;
; 0.010  ; Zin[22]   ; Z[22]   ; current_state.end_state ; CLK         ; 0.000        ; -0.118     ; 0.040      ;
; 0.011  ; Zin[23]   ; Z[23]   ; current_state.end_state ; CLK         ; 0.000        ; -0.119     ; 0.040      ;
; 0.012  ; Din[7]    ; D[7]    ; current_state.end_state ; CLK         ; 0.000        ; -0.120     ; 0.040      ;
; 0.012  ; Din[23]   ; D[23]   ; current_state.end_state ; CLK         ; 0.000        ; -0.120     ; 0.040      ;
; 0.012  ; Din[27]   ; D[27]   ; current_state.end_state ; CLK         ; 0.000        ; -0.120     ; 0.040      ;
; 0.013  ; Din[3]    ; D[3]    ; current_state.end_state ; CLK         ; 0.000        ; -0.121     ; 0.040      ;
; 0.013  ; Din[5]    ; D[5]    ; current_state.end_state ; CLK         ; 0.000        ; -0.121     ; 0.040      ;
; 0.013  ; Din[19]   ; D[19]   ; current_state.end_state ; CLK         ; 0.000        ; -0.121     ; 0.040      ;
; 0.014  ; Din[1]    ; D[1]    ; current_state.end_state ; CLK         ; 0.000        ; -0.122     ; 0.040      ;
; 0.014  ; Din[11]   ; D[11]   ; current_state.end_state ; CLK         ; 0.000        ; -0.122     ; 0.040      ;
; 0.016  ; Zin[1]    ; Z[1]    ; current_state.end_state ; CLK         ; 0.000        ; -0.124     ; 0.040      ;
; 0.016  ; Zin[2]    ; Z[2]    ; current_state.end_state ; CLK         ; 0.000        ; -0.124     ; 0.040      ;
; 0.020  ; Din[34]   ; D[34]   ; current_state.end_state ; CLK         ; 0.000        ; -0.128     ; 0.040      ;
; 0.021  ; Din[26]   ; D[26]   ; current_state.end_state ; CLK         ; 0.000        ; -0.129     ; 0.040      ;
; 0.022  ; Din[24]   ; D[24]   ; current_state.end_state ; CLK         ; 0.000        ; -0.130     ; 0.040      ;
; 0.022  ; Zin[20]   ; Z[20]   ; current_state.end_state ; CLK         ; 0.000        ; -0.130     ; 0.040      ;
; 0.023  ; CNTin[0]  ; CNT[0]  ; current_state.end_state ; CLK         ; 0.000        ; -0.131     ; 0.040      ;
; 0.023  ; Din[32]   ; D[32]   ; current_state.end_state ; CLK         ; 0.000        ; -0.131     ; 0.040      ;
; 0.024  ; Zin[15]   ; Z[15]   ; current_state.end_state ; CLK         ; 0.000        ; -0.132     ; 0.040      ;
; 0.025  ; Zin[16]   ; Z[16]   ; current_state.end_state ; CLK         ; 0.000        ; -0.133     ; 0.040      ;
; 0.025  ; Zin[18]   ; Z[18]   ; current_state.end_state ; CLK         ; 0.000        ; -0.133     ; 0.040      ;
; 0.026  ; Zin[19]   ; Z[19]   ; current_state.end_state ; CLK         ; 0.000        ; -0.134     ; 0.040      ;
; 0.041  ; Zin[3]    ; Z[3]    ; current_state.end_state ; CLK         ; 0.000        ; -0.149     ; 0.040      ;
; 0.046  ; Din[28]   ; D[28]   ; current_state.end_state ; CLK         ; 0.000        ; -0.154     ; 0.040      ;
; 0.047  ; Din[36]   ; D[36]   ; current_state.end_state ; CLK         ; 0.000        ; -0.155     ; 0.040      ;
; 0.050  ; Din[13]   ; D[13]   ; current_state.end_state ; CLK         ; 0.000        ; -0.158     ; 0.040      ;
; 0.050  ; Din[15]   ; D[15]   ; current_state.end_state ; CLK         ; 0.000        ; -0.158     ; 0.040      ;
; 0.051  ; Din[9]    ; D[9]    ; current_state.end_state ; CLK         ; 0.000        ; -0.159     ; 0.040      ;
; 0.051  ; Din[49]   ; D[49]   ; current_state.end_state ; CLK         ; 0.000        ; -0.159     ; 0.040      ;
; 0.054  ; Din[33]   ; D[33]   ; current_state.end_state ; CLK         ; 0.000        ; -0.162     ; 0.040      ;
; 0.054  ; Din[37]   ; D[37]   ; current_state.end_state ; CLK         ; 0.000        ; -0.162     ; 0.040      ;
; 0.054  ; Din[39]   ; D[39]   ; current_state.end_state ; CLK         ; 0.000        ; -0.162     ; 0.040      ;
; 0.054  ; Din[61]   ; D[61]   ; current_state.end_state ; CLK         ; 0.000        ; -0.162     ; 0.040      ;
; 0.055  ; Din[47]   ; D[47]   ; current_state.end_state ; CLK         ; 0.000        ; -0.163     ; 0.040      ;
; 0.055  ; Din[59]   ; D[59]   ; current_state.end_state ; CLK         ; 0.000        ; -0.163     ; 0.040      ;
; 0.055  ; Din[63]   ; D[63]   ; current_state.end_state ; CLK         ; 0.000        ; -0.163     ; 0.040      ;
; 0.058  ; Din[4]    ; D[4]    ; current_state.end_state ; CLK         ; 0.000        ; -0.166     ; 0.040      ;
; 0.058  ; Din[14]   ; D[14]   ; current_state.end_state ; CLK         ; 0.000        ; -0.166     ; 0.040      ;
; 0.058  ; Din[22]   ; D[22]   ; current_state.end_state ; CLK         ; 0.000        ; -0.166     ; 0.040      ;
; 0.059  ; Din[12]   ; D[12]   ; current_state.end_state ; CLK         ; 0.000        ; -0.167     ; 0.040      ;
; 0.059  ; Din[30]   ; D[30]   ; current_state.end_state ; CLK         ; 0.000        ; -0.167     ; 0.040      ;
; 0.060  ; Din[42]   ; D[42]   ; current_state.end_state ; CLK         ; 0.000        ; -0.168     ; 0.040      ;
; 0.060  ; Din[52]   ; D[52]   ; current_state.end_state ; CLK         ; 0.000        ; -0.168     ; 0.040      ;
; 0.061  ; Din[38]   ; D[38]   ; current_state.end_state ; CLK         ; 0.000        ; -0.169     ; 0.040      ;
; 0.061  ; Din[50]   ; D[50]   ; current_state.end_state ; CLK         ; 0.000        ; -0.169     ; 0.040      ;
; 0.062  ; Din[16]   ; D[16]   ; current_state.end_state ; CLK         ; 0.000        ; -0.170     ; 0.040      ;
; 0.064  ; Din[18]   ; D[18]   ; current_state.end_state ; CLK         ; 0.000        ; -0.172     ; 0.040      ;
; 0.064  ; Din[54]   ; D[54]   ; current_state.end_state ; CLK         ; 0.000        ; -0.172     ; 0.040      ;
; 0.065  ; Din[58]   ; D[58]   ; current_state.end_state ; CLK         ; 0.000        ; -0.173     ; 0.040      ;
; 0.065  ; Zin[5]    ; Z[5]    ; current_state.end_state ; CLK         ; 0.000        ; -0.173     ; 0.040      ;
; 0.065  ; Zin[7]    ; Z[7]    ; current_state.end_state ; CLK         ; 0.000        ; -0.173     ; 0.040      ;
; 0.065  ; Zin[8]    ; Z[8]    ; current_state.end_state ; CLK         ; 0.000        ; -0.173     ; 0.040      ;
; 0.066  ; Din[62]   ; D[62]   ; current_state.end_state ; CLK         ; 0.000        ; -0.174     ; 0.040      ;
; 0.069  ; Zin[10]   ; Z[10]   ; current_state.end_state ; CLK         ; 0.000        ; -0.177     ; 0.040      ;
; 0.069  ; Zin[0]    ; Z[0]    ; current_state.end_state ; CLK         ; 0.000        ; -0.177     ; 0.040      ;
; 0.071  ; Zin[12]   ; Z[12]   ; current_state.end_state ; CLK         ; 0.000        ; -0.179     ; 0.040      ;
; 0.074  ; Zin[17]   ; Z[17]   ; current_state.end_state ; CLK         ; 0.000        ; -0.182     ; 0.040      ;
; 0.083  ; Din[17]   ; D[17]   ; current_state.end_state ; CLK         ; 0.000        ; -0.191     ; 0.040      ;
; 0.084  ; Din[31]   ; D[31]   ; current_state.end_state ; CLK         ; 0.000        ; -0.192     ; 0.040      ;
; 0.086  ; Din[25]   ; D[25]   ; current_state.end_state ; CLK         ; 0.000        ; -0.194     ; 0.040      ;
; 0.087  ; Din[29]   ; D[29]   ; current_state.end_state ; CLK         ; 0.000        ; -0.195     ; 0.040      ;
; 0.089  ; Zin[13]   ; Z[13]   ; current_state.end_state ; CLK         ; 0.000        ; -0.197     ; 0.040      ;
; 0.089  ; Zin[14]   ; Z[14]   ; current_state.end_state ; CLK         ; 0.000        ; -0.197     ; 0.040      ;
; 0.158  ; Zin[31]   ; Z[31]   ; current_state.end_state ; CLK         ; 0.000        ; -0.108     ; 0.198      ;
; 0.169  ; Zin[29]   ; Z[29]   ; current_state.end_state ; CLK         ; 0.000        ; -0.118     ; 0.199      ;
; 0.379  ; CNTin[20] ; CNT[20] ; current_state.end_state ; CLK         ; 0.000        ; -0.487     ; 0.040      ;
; 0.380  ; CNTin[18] ; CNT[18] ; current_state.end_state ; CLK         ; 0.000        ; -0.488     ; 0.040      ;
; 0.382  ; CNTin[16] ; CNT[16] ; current_state.end_state ; CLK         ; 0.000        ; -0.490     ; 0.040      ;
+--------+-----------+---------+-------------------------+-------------+--------------+------------+------------+


+------------------------------------------------------------------------------------------+
; Fast Model Minimum Pulse Width: 'CLK'                                                    ;
+--------+--------------+----------------+------------------+-------+------------+---------+
; Slack  ; Actual Width ; Required Width ; Type             ; Clock ; Clock Edge ; Target  ;
+--------+--------------+----------------+------------------+-------+------------+---------+
; -1.380 ; 1.000        ; 2.380          ; Port Rate        ; CLK   ; Rise       ; CLK     ;
; -0.500 ; 0.500        ; 1.000          ; High Pulse Width ; CLK   ; Rise       ; CNT[0]  ;
; -0.500 ; 0.500        ; 1.000          ; Low Pulse Width  ; CLK   ; Rise       ; CNT[0]  ;
; -0.500 ; 0.500        ; 1.000          ; High Pulse Width ; CLK   ; Rise       ; CNT[10] ;
; -0.500 ; 0.500        ; 1.000          ; Low Pulse Width  ; CLK   ; Rise       ; CNT[10] ;
; -0.500 ; 0.500        ; 1.000          ; High Pulse Width ; CLK   ; Rise       ; CNT[11] ;
; -0.500 ; 0.500        ; 1.000          ; Low Pulse Width  ; CLK   ; Rise       ; CNT[11] ;
; -0.500 ; 0.500        ; 1.000          ; High Pulse Width ; CLK   ; Rise       ; CNT[12] ;
; -0.500 ; 0.500        ; 1.000          ; Low Pulse Width  ; CLK   ; Rise       ; CNT[12] ;
; -0.500 ; 0.500        ; 1.000          ; High Pulse Width ; CLK   ; Rise       ; CNT[13] ;
; -0.500 ; 0.500        ; 1.000          ; Low Pulse Width  ; CLK   ; Rise       ; CNT[13] ;
; -0.500 ; 0.500        ; 1.000          ; High Pulse Width ; CLK   ; Rise       ; CNT[14] ;
; -0.500 ; 0.500        ; 1.000          ; Low Pulse Width  ; CLK   ; Rise       ; CNT[14] ;
; -0.500 ; 0.500        ; 1.000          ; High Pulse Width ; CLK   ; Rise       ; CNT[15] ;
; -0.500 ; 0.500        ; 1.000          ; Low Pulse Width  ; CLK   ; Rise       ; CNT[15] ;
; -0.500 ; 0.500        ; 1.000          ; High Pulse Width ; CLK   ; Rise       ; CNT[16] ;
; -0.500 ; 0.500        ; 1.000          ; Low Pulse Width  ; CLK   ; Rise       ; CNT[16] ;
; -0.500 ; 0.500        ; 1.000          ; High Pulse Width ; CLK   ; Rise       ; CNT[17] ;
; -0.500 ; 0.500        ; 1.000          ; Low Pulse Width  ; CLK   ; Rise       ; CNT[17] ;
; -0.500 ; 0.500        ; 1.000          ; High Pulse Width ; CLK   ; Rise       ; CNT[18] ;
; -0.500 ; 0.500        ; 1.000          ; Low Pulse Width  ; CLK   ; Rise       ; CNT[18] ;
; -0.500 ; 0.500        ; 1.000          ; High Pulse Width ; CLK   ; Rise       ; CNT[19] ;
; -0.500 ; 0.500        ; 1.000          ; Low Pulse Width  ; CLK   ; Rise       ; CNT[19] ;
; -0.500 ; 0.500        ; 1.000          ; High Pulse Width ; CLK   ; Rise       ; CNT[1]  ;
; -0.500 ; 0.500        ; 1.000          ; Low Pulse Width  ; CLK   ; Rise       ; CNT[1]  ;
; -0.500 ; 0.500        ; 1.000          ; High Pulse Width ; CLK   ; Rise       ; CNT[20] ;
; -0.500 ; 0.500        ; 1.000          ; Low Pulse Width  ; CLK   ; Rise       ; CNT[20] ;
; -0.500 ; 0.500        ; 1.000          ; High Pulse Width ; CLK   ; Rise       ; CNT[21] ;
; -0.500 ; 0.500        ; 1.000          ; Low Pulse Width  ; CLK   ; Rise       ; CNT[21] ;
; -0.500 ; 0.500        ; 1.000          ; High Pulse Width ; CLK   ; Rise       ; CNT[22] ;
; -0.500 ; 0.500        ; 1.000          ; Low Pulse Width  ; CLK   ; Rise       ; CNT[22] ;
; -0.500 ; 0.500        ; 1.000          ; High Pulse Width ; CLK   ; Rise       ; CNT[23] ;
; -0.500 ; 0.500        ; 1.000          ; Low Pulse Width  ; CLK   ; Rise       ; CNT[23] ;
; -0.500 ; 0.500        ; 1.000          ; High Pulse Width ; CLK   ; Rise       ; CNT[24] ;
; -0.500 ; 0.500        ; 1.000          ; Low Pulse Width  ; CLK   ; Rise       ; CNT[24] ;
; -0.500 ; 0.500        ; 1.000          ; High Pulse Width ; CLK   ; Rise       ; CNT[25] ;
; -0.500 ; 0.500        ; 1.000          ; Low Pulse Width  ; CLK   ; Rise       ; CNT[25] ;
; -0.500 ; 0.500        ; 1.000          ; High Pulse Width ; CLK   ; Rise       ; CNT[26] ;
; -0.500 ; 0.500        ; 1.000          ; Low Pulse Width  ; CLK   ; Rise       ; CNT[26] ;
; -0.500 ; 0.500        ; 1.000          ; High Pulse Width ; CLK   ; Rise       ; CNT[27] ;
; -0.500 ; 0.500        ; 1.000          ; Low Pulse Width  ; CLK   ; Rise       ; CNT[27] ;
; -0.500 ; 0.500        ; 1.000          ; High Pulse Width ; CLK   ; Rise       ; CNT[28] ;
; -0.500 ; 0.500        ; 1.000          ; Low Pulse Width  ; CLK   ; Rise       ; CNT[28] ;
; -0.500 ; 0.500        ; 1.000          ; High Pulse Width ; CLK   ; Rise       ; CNT[29] ;
; -0.500 ; 0.500        ; 1.000          ; Low Pulse Width  ; CLK   ; Rise       ; CNT[29] ;
; -0.500 ; 0.500        ; 1.000          ; High Pulse Width ; CLK   ; Rise       ; CNT[2]  ;
; -0.500 ; 0.500        ; 1.000          ; Low Pulse Width  ; CLK   ; Rise       ; CNT[2]  ;
; -0.500 ; 0.500        ; 1.000          ; High Pulse Width ; CLK   ; Rise       ; CNT[30] ;
; -0.500 ; 0.500        ; 1.000          ; Low Pulse Width  ; CLK   ; Rise       ; CNT[30] ;
; -0.500 ; 0.500        ; 1.000          ; High Pulse Width ; CLK   ; Rise       ; CNT[31] ;
; -0.500 ; 0.500        ; 1.000          ; Low Pulse Width  ; CLK   ; Rise       ; CNT[31] ;
; -0.500 ; 0.500        ; 1.000          ; High Pulse Width ; CLK   ; Rise       ; CNT[3]  ;
; -0.500 ; 0.500        ; 1.000          ; Low Pulse Width  ; CLK   ; Rise       ; CNT[3]  ;
; -0.500 ; 0.500        ; 1.000          ; High Pulse Width ; CLK   ; Rise       ; CNT[4]  ;
; -0.500 ; 0.500        ; 1.000          ; Low Pulse Width  ; CLK   ; Rise       ; CNT[4]  ;
; -0.500 ; 0.500        ; 1.000          ; High Pulse Width ; CLK   ; Rise       ; CNT[5]  ;
; -0.500 ; 0.500        ; 1.000          ; Low Pulse Width  ; CLK   ; Rise       ; CNT[5]  ;
; -0.500 ; 0.500        ; 1.000          ; High Pulse Width ; CLK   ; Rise       ; CNT[6]  ;
; -0.500 ; 0.500        ; 1.000          ; Low Pulse Width  ; CLK   ; Rise       ; CNT[6]  ;
; -0.500 ; 0.500        ; 1.000          ; High Pulse Width ; CLK   ; Rise       ; CNT[7]  ;
; -0.500 ; 0.500        ; 1.000          ; Low Pulse Width  ; CLK   ; Rise       ; CNT[7]  ;
; -0.500 ; 0.500        ; 1.000          ; High Pulse Width ; CLK   ; Rise       ; CNT[8]  ;
; -0.500 ; 0.500        ; 1.000          ; Low Pulse Width  ; CLK   ; Rise       ; CNT[8]  ;
; -0.500 ; 0.500        ; 1.000          ; High Pulse Width ; CLK   ; Rise       ; CNT[9]  ;
; -0.500 ; 0.500        ; 1.000          ; Low Pulse Width  ; CLK   ; Rise       ; CNT[9]  ;
; -0.500 ; 0.500        ; 1.000          ; High Pulse Width ; CLK   ; Rise       ; D[0]    ;
; -0.500 ; 0.500        ; 1.000          ; Low Pulse Width  ; CLK   ; Rise       ; D[0]    ;
; -0.500 ; 0.500        ; 1.000          ; High Pulse Width ; CLK   ; Rise       ; D[10]   ;
; -0.500 ; 0.500        ; 1.000          ; Low Pulse Width  ; CLK   ; Rise       ; D[10]   ;
; -0.500 ; 0.500        ; 1.000          ; High Pulse Width ; CLK   ; Rise       ; D[11]   ;
; -0.500 ; 0.500        ; 1.000          ; Low Pulse Width  ; CLK   ; Rise       ; D[11]   ;
; -0.500 ; 0.500        ; 1.000          ; High Pulse Width ; CLK   ; Rise       ; D[12]   ;
; -0.500 ; 0.500        ; 1.000          ; Low Pulse Width  ; CLK   ; Rise       ; D[12]   ;
; -0.500 ; 0.500        ; 1.000          ; High Pulse Width ; CLK   ; Rise       ; D[13]   ;
; -0.500 ; 0.500        ; 1.000          ; Low Pulse Width  ; CLK   ; Rise       ; D[13]   ;
; -0.500 ; 0.500        ; 1.000          ; High Pulse Width ; CLK   ; Rise       ; D[14]   ;
; -0.500 ; 0.500        ; 1.000          ; Low Pulse Width  ; CLK   ; Rise       ; D[14]   ;
; -0.500 ; 0.500        ; 1.000          ; High Pulse Width ; CLK   ; Rise       ; D[15]   ;
; -0.500 ; 0.500        ; 1.000          ; Low Pulse Width  ; CLK   ; Rise       ; D[15]   ;
; -0.500 ; 0.500        ; 1.000          ; High Pulse Width ; CLK   ; Rise       ; D[16]   ;
; -0.500 ; 0.500        ; 1.000          ; Low Pulse Width  ; CLK   ; Rise       ; D[16]   ;
; -0.500 ; 0.500        ; 1.000          ; High Pulse Width ; CLK   ; Rise       ; D[17]   ;
; -0.500 ; 0.500        ; 1.000          ; Low Pulse Width  ; CLK   ; Rise       ; D[17]   ;
; -0.500 ; 0.500        ; 1.000          ; High Pulse Width ; CLK   ; Rise       ; D[18]   ;
; -0.500 ; 0.500        ; 1.000          ; Low Pulse Width  ; CLK   ; Rise       ; D[18]   ;
; -0.500 ; 0.500        ; 1.000          ; High Pulse Width ; CLK   ; Rise       ; D[19]   ;
; -0.500 ; 0.500        ; 1.000          ; Low Pulse Width  ; CLK   ; Rise       ; D[19]   ;
; -0.500 ; 0.500        ; 1.000          ; High Pulse Width ; CLK   ; Rise       ; D[1]    ;
; -0.500 ; 0.500        ; 1.000          ; Low Pulse Width  ; CLK   ; Rise       ; D[1]    ;
; -0.500 ; 0.500        ; 1.000          ; High Pulse Width ; CLK   ; Rise       ; D[20]   ;
; -0.500 ; 0.500        ; 1.000          ; Low Pulse Width  ; CLK   ; Rise       ; D[20]   ;
; -0.500 ; 0.500        ; 1.000          ; High Pulse Width ; CLK   ; Rise       ; D[21]   ;
; -0.500 ; 0.500        ; 1.000          ; Low Pulse Width  ; CLK   ; Rise       ; D[21]   ;
; -0.500 ; 0.500        ; 1.000          ; High Pulse Width ; CLK   ; Rise       ; D[22]   ;
; -0.500 ; 0.500        ; 1.000          ; Low Pulse Width  ; CLK   ; Rise       ; D[22]   ;
; -0.500 ; 0.500        ; 1.000          ; High Pulse Width ; CLK   ; Rise       ; D[23]   ;
; -0.500 ; 0.500        ; 1.000          ; Low Pulse Width  ; CLK   ; Rise       ; D[23]   ;
; -0.500 ; 0.500        ; 1.000          ; High Pulse Width ; CLK   ; Rise       ; D[24]   ;
; -0.500 ; 0.500        ; 1.000          ; Low Pulse Width  ; CLK   ; Rise       ; D[24]   ;
; -0.500 ; 0.500        ; 1.000          ; High Pulse Width ; CLK   ; Rise       ; D[25]   ;
+--------+--------------+----------------+------------------+-------+------------+---------+


+-------------------------------------------------------------------------------------------------------------------+
; Fast Model Minimum Pulse Width: 'CNT[0]'                                                                          ;
+-------+--------------+----------------+------------------+--------+------------+----------------------------------+
; Slack ; Actual Width ; Required Width ; Type             ; Clock  ; Clock Edge ; Target                           ;
+-------+--------------+----------------+------------------+--------+------------+----------------------------------+
; 0.500 ; 0.500        ; 0.000          ; High Pulse Width ; CNT[0] ; Rise       ; CNT[0]|regout                    ;
; 0.500 ; 0.500        ; 0.000          ; Low Pulse Width  ; CNT[0] ; Rise       ; CNT[0]|regout                    ;
; 0.500 ; 0.500        ; 0.000          ; High Pulse Width ; CNT[0] ; Rise       ; Equal0~8|combout                 ;
; 0.500 ; 0.500        ; 0.000          ; Low Pulse Width  ; CNT[0] ; Rise       ; Equal0~8|combout                 ;
; 0.500 ; 0.500        ; 0.000          ; High Pulse Width ; CNT[0] ; Rise       ; Equal0~8|dataa                   ;
; 0.500 ; 0.500        ; 0.000          ; Low Pulse Width  ; CNT[0] ; Rise       ; Equal0~8|dataa                   ;
; 0.500 ; 0.500        ; 0.000          ; High Pulse Width ; CNT[0] ; Rise       ; Equal0~9|combout                 ;
; 0.500 ; 0.500        ; 0.000          ; Low Pulse Width  ; CNT[0] ; Rise       ; Equal0~9|combout                 ;
; 0.500 ; 0.500        ; 0.000          ; High Pulse Width ; CNT[0] ; Rise       ; Equal0~9|datad                   ;
; 0.500 ; 0.500        ; 0.000          ; Low Pulse Width  ; CNT[0] ; Rise       ; Equal0~9|datad                   ;
; 0.500 ; 0.500        ; 0.000          ; High Pulse Width ; CNT[0] ; Rise       ; Selector196~0clkctrl|inclk[0]    ;
; 0.500 ; 0.500        ; 0.000          ; Low Pulse Width  ; CNT[0] ; Rise       ; Selector196~0clkctrl|inclk[0]    ;
; 0.500 ; 0.500        ; 0.000          ; High Pulse Width ; CNT[0] ; Rise       ; Selector196~0clkctrl|outclk      ;
; 0.500 ; 0.500        ; 0.000          ; Low Pulse Width  ; CNT[0] ; Rise       ; Selector196~0clkctrl|outclk      ;
; 0.500 ; 0.500        ; 0.000          ; High Pulse Width ; CNT[0] ; Rise       ; Selector196~0|combout            ;
; 0.500 ; 0.500        ; 0.000          ; Low Pulse Width  ; CNT[0] ; Rise       ; Selector196~0|combout            ;
; 0.500 ; 0.500        ; 0.000          ; High Pulse Width ; CNT[0] ; Rise       ; Selector196~0|datac              ;
; 0.500 ; 0.500        ; 0.000          ; Low Pulse Width  ; CNT[0] ; Rise       ; Selector196~0|datac              ;
; 0.500 ; 0.500        ; 0.000          ; High Pulse Width ; CNT[0] ; Fall       ; next_state.end_state_2609        ;
; 0.500 ; 0.500        ; 0.000          ; Low Pulse Width  ; CNT[0] ; Fall       ; next_state.end_state_2609        ;
; 0.500 ; 0.500        ; 0.000          ; High Pulse Width ; CNT[0] ; Rise       ; next_state.end_state_2609|datad  ;
; 0.500 ; 0.500        ; 0.000          ; Low Pulse Width  ; CNT[0] ; Rise       ; next_state.end_state_2609|datad  ;
; 0.500 ; 0.500        ; 0.000          ; High Pulse Width ; CNT[0] ; Fall       ; next_state.exec_state_2618       ;
; 0.500 ; 0.500        ; 0.000          ; Low Pulse Width  ; CNT[0] ; Fall       ; next_state.exec_state_2618       ;
; 0.500 ; 0.500        ; 0.000          ; High Pulse Width ; CNT[0] ; Rise       ; next_state.exec_state_2618|datac ;
; 0.500 ; 0.500        ; 0.000          ; Low Pulse Width  ; CNT[0] ; Rise       ; next_state.exec_state_2618|datac ;
; 0.500 ; 0.500        ; 0.000          ; High Pulse Width ; CNT[0] ; Fall       ; next_state.wait_state_2627       ;
; 0.500 ; 0.500        ; 0.000          ; Low Pulse Width  ; CNT[0] ; Fall       ; next_state.wait_state_2627       ;
; 0.500 ; 0.500        ; 0.000          ; High Pulse Width ; CNT[0] ; Rise       ; next_state.wait_state_2627|datad ;
; 0.500 ; 0.500        ; 0.000          ; Low Pulse Width  ; CNT[0] ; Rise       ; next_state.wait_state_2627|datad ;
+-------+--------------+----------------+------------------+--------+------------+----------------------------------+


+-------------------------------------------------------------------------------------------------------------------+
; Fast Model Minimum Pulse Width: 'current_state.end_state'                                                         ;
+-------+--------------+----------------+------------------+-------------------------+------------+-----------------+
; Slack ; Actual Width ; Required Width ; Type             ; Clock                   ; Clock Edge ; Target          ;
+-------+--------------+----------------+------------------+-------------------------+------------+-----------------+
; 0.500 ; 0.500        ; 0.000          ; High Pulse Width ; current_state.end_state ; Rise       ; CNTin[0]        ;
; 0.500 ; 0.500        ; 0.000          ; Low Pulse Width  ; current_state.end_state ; Rise       ; CNTin[0]        ;
; 0.500 ; 0.500        ; 0.000          ; High Pulse Width ; current_state.end_state ; Rise       ; CNTin[0]|datad  ;
; 0.500 ; 0.500        ; 0.000          ; Low Pulse Width  ; current_state.end_state ; Rise       ; CNTin[0]|datad  ;
; 0.500 ; 0.500        ; 0.000          ; High Pulse Width ; current_state.end_state ; Rise       ; CNTin[10]       ;
; 0.500 ; 0.500        ; 0.000          ; Low Pulse Width  ; current_state.end_state ; Rise       ; CNTin[10]       ;
; 0.500 ; 0.500        ; 0.000          ; High Pulse Width ; current_state.end_state ; Rise       ; CNTin[10]|datad ;
; 0.500 ; 0.500        ; 0.000          ; Low Pulse Width  ; current_state.end_state ; Rise       ; CNTin[10]|datad ;
; 0.500 ; 0.500        ; 0.000          ; High Pulse Width ; current_state.end_state ; Rise       ; CNTin[11]       ;
; 0.500 ; 0.500        ; 0.000          ; Low Pulse Width  ; current_state.end_state ; Rise       ; CNTin[11]       ;
; 0.500 ; 0.500        ; 0.000          ; High Pulse Width ; current_state.end_state ; Rise       ; CNTin[11]|datad ;
; 0.500 ; 0.500        ; 0.000          ; Low Pulse Width  ; current_state.end_state ; Rise       ; CNTin[11]|datad ;
; 0.500 ; 0.500        ; 0.000          ; High Pulse Width ; current_state.end_state ; Rise       ; CNTin[12]       ;
; 0.500 ; 0.500        ; 0.000          ; Low Pulse Width  ; current_state.end_state ; Rise       ; CNTin[12]       ;
; 0.500 ; 0.500        ; 0.000          ; High Pulse Width ; current_state.end_state ; Rise       ; CNTin[12]|datad ;
; 0.500 ; 0.500        ; 0.000          ; Low Pulse Width  ; current_state.end_state ; Rise       ; CNTin[12]|datad ;
; 0.500 ; 0.500        ; 0.000          ; High Pulse Width ; current_state.end_state ; Rise       ; CNTin[13]       ;
; 0.500 ; 0.500        ; 0.000          ; Low Pulse Width  ; current_state.end_state ; Rise       ; CNTin[13]       ;
; 0.500 ; 0.500        ; 0.000          ; High Pulse Width ; current_state.end_state ; Rise       ; CNTin[13]|datad ;
; 0.500 ; 0.500        ; 0.000          ; Low Pulse Width  ; current_state.end_state ; Rise       ; CNTin[13]|datad ;
; 0.500 ; 0.500        ; 0.000          ; High Pulse Width ; current_state.end_state ; Rise       ; CNTin[14]       ;
; 0.500 ; 0.500        ; 0.000          ; Low Pulse Width  ; current_state.end_state ; Rise       ; CNTin[14]       ;
; 0.500 ; 0.500        ; 0.000          ; High Pulse Width ; current_state.end_state ; Rise       ; CNTin[14]|datad ;
; 0.500 ; 0.500        ; 0.000          ; Low Pulse Width  ; current_state.end_state ; Rise       ; CNTin[14]|datad ;
; 0.500 ; 0.500        ; 0.000          ; High Pulse Width ; current_state.end_state ; Rise       ; CNTin[15]       ;
; 0.500 ; 0.500        ; 0.000          ; Low Pulse Width  ; current_state.end_state ; Rise       ; CNTin[15]       ;
; 0.500 ; 0.500        ; 0.000          ; High Pulse Width ; current_state.end_state ; Rise       ; CNTin[15]|datad ;
; 0.500 ; 0.500        ; 0.000          ; Low Pulse Width  ; current_state.end_state ; Rise       ; CNTin[15]|datad ;
; 0.500 ; 0.500        ; 0.000          ; High Pulse Width ; current_state.end_state ; Rise       ; CNTin[16]       ;
; 0.500 ; 0.500        ; 0.000          ; Low Pulse Width  ; current_state.end_state ; Rise       ; CNTin[16]       ;
; 0.500 ; 0.500        ; 0.000          ; High Pulse Width ; current_state.end_state ; Rise       ; CNTin[16]|datad ;
; 0.500 ; 0.500        ; 0.000          ; Low Pulse Width  ; current_state.end_state ; Rise       ; CNTin[16]|datad ;
; 0.500 ; 0.500        ; 0.000          ; High Pulse Width ; current_state.end_state ; Rise       ; CNTin[17]       ;
; 0.500 ; 0.500        ; 0.000          ; Low Pulse Width  ; current_state.end_state ; Rise       ; CNTin[17]       ;
; 0.500 ; 0.500        ; 0.000          ; High Pulse Width ; current_state.end_state ; Rise       ; CNTin[17]|datad ;
; 0.500 ; 0.500        ; 0.000          ; Low Pulse Width  ; current_state.end_state ; Rise       ; CNTin[17]|datad ;
; 0.500 ; 0.500        ; 0.000          ; High Pulse Width ; current_state.end_state ; Rise       ; CNTin[18]       ;
; 0.500 ; 0.500        ; 0.000          ; Low Pulse Width  ; current_state.end_state ; Rise       ; CNTin[18]       ;
; 0.500 ; 0.500        ; 0.000          ; High Pulse Width ; current_state.end_state ; Rise       ; CNTin[18]|datad ;
; 0.500 ; 0.500        ; 0.000          ; Low Pulse Width  ; current_state.end_state ; Rise       ; CNTin[18]|datad ;
; 0.500 ; 0.500        ; 0.000          ; High Pulse Width ; current_state.end_state ; Rise       ; CNTin[19]       ;
; 0.500 ; 0.500        ; 0.000          ; Low Pulse Width  ; current_state.end_state ; Rise       ; CNTin[19]       ;
; 0.500 ; 0.500        ; 0.000          ; High Pulse Width ; current_state.end_state ; Rise       ; CNTin[19]|datad ;
; 0.500 ; 0.500        ; 0.000          ; Low Pulse Width  ; current_state.end_state ; Rise       ; CNTin[19]|datad ;
; 0.500 ; 0.500        ; 0.000          ; High Pulse Width ; current_state.end_state ; Rise       ; CNTin[1]        ;
; 0.500 ; 0.500        ; 0.000          ; Low Pulse Width  ; current_state.end_state ; Rise       ; CNTin[1]        ;
; 0.500 ; 0.500        ; 0.000          ; High Pulse Width ; current_state.end_state ; Rise       ; CNTin[1]|datad  ;
; 0.500 ; 0.500        ; 0.000          ; Low Pulse Width  ; current_state.end_state ; Rise       ; CNTin[1]|datad  ;
; 0.500 ; 0.500        ; 0.000          ; High Pulse Width ; current_state.end_state ; Rise       ; CNTin[20]       ;
; 0.500 ; 0.500        ; 0.000          ; Low Pulse Width  ; current_state.end_state ; Rise       ; CNTin[20]       ;
; 0.500 ; 0.500        ; 0.000          ; High Pulse Width ; current_state.end_state ; Rise       ; CNTin[20]|datad ;
; 0.500 ; 0.500        ; 0.000          ; Low Pulse Width  ; current_state.end_state ; Rise       ; CNTin[20]|datad ;
; 0.500 ; 0.500        ; 0.000          ; High Pulse Width ; current_state.end_state ; Rise       ; CNTin[21]       ;
; 0.500 ; 0.500        ; 0.000          ; Low Pulse Width  ; current_state.end_state ; Rise       ; CNTin[21]       ;
; 0.500 ; 0.500        ; 0.000          ; High Pulse Width ; current_state.end_state ; Rise       ; CNTin[21]|datad ;
; 0.500 ; 0.500        ; 0.000          ; Low Pulse Width  ; current_state.end_state ; Rise       ; CNTin[21]|datad ;
; 0.500 ; 0.500        ; 0.000          ; High Pulse Width ; current_state.end_state ; Rise       ; CNTin[22]       ;
; 0.500 ; 0.500        ; 0.000          ; Low Pulse Width  ; current_state.end_state ; Rise       ; CNTin[22]       ;
; 0.500 ; 0.500        ; 0.000          ; High Pulse Width ; current_state.end_state ; Rise       ; CNTin[22]|datad ;
; 0.500 ; 0.500        ; 0.000          ; Low Pulse Width  ; current_state.end_state ; Rise       ; CNTin[22]|datad ;
; 0.500 ; 0.500        ; 0.000          ; High Pulse Width ; current_state.end_state ; Rise       ; CNTin[23]       ;
; 0.500 ; 0.500        ; 0.000          ; Low Pulse Width  ; current_state.end_state ; Rise       ; CNTin[23]       ;
; 0.500 ; 0.500        ; 0.000          ; High Pulse Width ; current_state.end_state ; Rise       ; CNTin[23]|datad ;
; 0.500 ; 0.500        ; 0.000          ; Low Pulse Width  ; current_state.end_state ; Rise       ; CNTin[23]|datad ;
; 0.500 ; 0.500        ; 0.000          ; High Pulse Width ; current_state.end_state ; Rise       ; CNTin[24]       ;
; 0.500 ; 0.500        ; 0.000          ; Low Pulse Width  ; current_state.end_state ; Rise       ; CNTin[24]       ;
; 0.500 ; 0.500        ; 0.000          ; High Pulse Width ; current_state.end_state ; Rise       ; CNTin[24]|datac ;
; 0.500 ; 0.500        ; 0.000          ; Low Pulse Width  ; current_state.end_state ; Rise       ; CNTin[24]|datac ;
; 0.500 ; 0.500        ; 0.000          ; High Pulse Width ; current_state.end_state ; Rise       ; CNTin[25]       ;
; 0.500 ; 0.500        ; 0.000          ; Low Pulse Width  ; current_state.end_state ; Rise       ; CNTin[25]       ;
; 0.500 ; 0.500        ; 0.000          ; High Pulse Width ; current_state.end_state ; Rise       ; CNTin[25]|datac ;
; 0.500 ; 0.500        ; 0.000          ; Low Pulse Width  ; current_state.end_state ; Rise       ; CNTin[25]|datac ;
; 0.500 ; 0.500        ; 0.000          ; High Pulse Width ; current_state.end_state ; Rise       ; CNTin[26]       ;
; 0.500 ; 0.500        ; 0.000          ; Low Pulse Width  ; current_state.end_state ; Rise       ; CNTin[26]       ;
; 0.500 ; 0.500        ; 0.000          ; High Pulse Width ; current_state.end_state ; Rise       ; CNTin[26]|datac ;
; 0.500 ; 0.500        ; 0.000          ; Low Pulse Width  ; current_state.end_state ; Rise       ; CNTin[26]|datac ;
; 0.500 ; 0.500        ; 0.000          ; High Pulse Width ; current_state.end_state ; Rise       ; CNTin[27]       ;
; 0.500 ; 0.500        ; 0.000          ; Low Pulse Width  ; current_state.end_state ; Rise       ; CNTin[27]       ;
; 0.500 ; 0.500        ; 0.000          ; High Pulse Width ; current_state.end_state ; Rise       ; CNTin[27]|datab ;
; 0.500 ; 0.500        ; 0.000          ; Low Pulse Width  ; current_state.end_state ; Rise       ; CNTin[27]|datab ;
; 0.500 ; 0.500        ; 0.000          ; High Pulse Width ; current_state.end_state ; Rise       ; CNTin[28]       ;
; 0.500 ; 0.500        ; 0.000          ; Low Pulse Width  ; current_state.end_state ; Rise       ; CNTin[28]       ;
; 0.500 ; 0.500        ; 0.000          ; High Pulse Width ; current_state.end_state ; Rise       ; CNTin[28]|datac ;
; 0.500 ; 0.500        ; 0.000          ; Low Pulse Width  ; current_state.end_state ; Rise       ; CNTin[28]|datac ;
; 0.500 ; 0.500        ; 0.000          ; High Pulse Width ; current_state.end_state ; Rise       ; CNTin[29]       ;
; 0.500 ; 0.500        ; 0.000          ; Low Pulse Width  ; current_state.end_state ; Rise       ; CNTin[29]       ;
; 0.500 ; 0.500        ; 0.000          ; High Pulse Width ; current_state.end_state ; Rise       ; CNTin[29]|datac ;
; 0.500 ; 0.500        ; 0.000          ; Low Pulse Width  ; current_state.end_state ; Rise       ; CNTin[29]|datac ;
; 0.500 ; 0.500        ; 0.000          ; High Pulse Width ; current_state.end_state ; Rise       ; CNTin[2]        ;
; 0.500 ; 0.500        ; 0.000          ; Low Pulse Width  ; current_state.end_state ; Rise       ; CNTin[2]        ;
; 0.500 ; 0.500        ; 0.000          ; High Pulse Width ; current_state.end_state ; Rise       ; CNTin[2]|datad  ;
; 0.500 ; 0.500        ; 0.000          ; Low Pulse Width  ; current_state.end_state ; Rise       ; CNTin[2]|datad  ;
; 0.500 ; 0.500        ; 0.000          ; High Pulse Width ; current_state.end_state ; Rise       ; CNTin[30]       ;
; 0.500 ; 0.500        ; 0.000          ; Low Pulse Width  ; current_state.end_state ; Rise       ; CNTin[30]       ;
; 0.500 ; 0.500        ; 0.000          ; High Pulse Width ; current_state.end_state ; Rise       ; CNTin[30]|datac ;
; 0.500 ; 0.500        ; 0.000          ; Low Pulse Width  ; current_state.end_state ; Rise       ; CNTin[30]|datac ;
; 0.500 ; 0.500        ; 0.000          ; High Pulse Width ; current_state.end_state ; Rise       ; CNTin[31]       ;
; 0.500 ; 0.500        ; 0.000          ; Low Pulse Width  ; current_state.end_state ; Rise       ; CNTin[31]       ;
; 0.500 ; 0.500        ; 0.000          ; High Pulse Width ; current_state.end_state ; Rise       ; CNTin[31]|datac ;
; 0.500 ; 0.500        ; 0.000          ; Low Pulse Width  ; current_state.end_state ; Rise       ; CNTin[31]|datac ;
+-------+--------------+----------------+------------------+-------------------------+------------+-----------------+


+-------------------------------------------------------------------------------------------------------------------------------------+
; Fast Model Minimum Pulse Width: 'current_state.exec_state'                                                                          ;
+-------+--------------+----------------+------------------+--------------------------+------------+----------------------------------+
; Slack ; Actual Width ; Required Width ; Type             ; Clock                    ; Clock Edge ; Target                           ;
+-------+--------------+----------------+------------------+--------------------------+------------+----------------------------------+
; 0.500 ; 0.500        ; 0.000          ; High Pulse Width ; current_state.exec_state ; Rise       ; DONE$latch                       ;
; 0.500 ; 0.500        ; 0.000          ; Low Pulse Width  ; current_state.exec_state ; Rise       ; DONE$latch                       ;
; 0.500 ; 0.500        ; 0.000          ; High Pulse Width ; current_state.exec_state ; Rise       ; DONE$latch|datac                 ;
; 0.500 ; 0.500        ; 0.000          ; Low Pulse Width  ; current_state.exec_state ; Rise       ; DONE$latch|datac                 ;
; 0.500 ; 0.500        ; 0.000          ; High Pulse Width ; current_state.exec_state ; Fall       ; Selector196~0clkctrl|inclk[0]    ;
; 0.500 ; 0.500        ; 0.000          ; Low Pulse Width  ; current_state.exec_state ; Fall       ; Selector196~0clkctrl|inclk[0]    ;
; 0.500 ; 0.500        ; 0.000          ; High Pulse Width ; current_state.exec_state ; Fall       ; Selector196~0clkctrl|outclk      ;
; 0.500 ; 0.500        ; 0.000          ; Low Pulse Width  ; current_state.exec_state ; Fall       ; Selector196~0clkctrl|outclk      ;
; 0.500 ; 0.500        ; 0.000          ; High Pulse Width ; current_state.exec_state ; Fall       ; Selector196~0|combout            ;
; 0.500 ; 0.500        ; 0.000          ; Low Pulse Width  ; current_state.exec_state ; Fall       ; Selector196~0|combout            ;
; 0.500 ; 0.500        ; 0.000          ; High Pulse Width ; current_state.exec_state ; Rise       ; Selector196~0|datad              ;
; 0.500 ; 0.500        ; 0.000          ; Low Pulse Width  ; current_state.exec_state ; Rise       ; Selector196~0|datad              ;
; 0.500 ; 0.500        ; 0.000          ; High Pulse Width ; current_state.exec_state ; Rise       ; current_state.exec_state|regout  ;
; 0.500 ; 0.500        ; 0.000          ; Low Pulse Width  ; current_state.exec_state ; Rise       ; current_state.exec_state|regout  ;
; 0.500 ; 0.500        ; 0.000          ; High Pulse Width ; current_state.exec_state ; Rise       ; next_state.end_state_2609        ;
; 0.500 ; 0.500        ; 0.000          ; Low Pulse Width  ; current_state.exec_state ; Rise       ; next_state.end_state_2609        ;
; 0.500 ; 0.500        ; 0.000          ; High Pulse Width ; current_state.exec_state ; Fall       ; next_state.end_state_2609|datad  ;
; 0.500 ; 0.500        ; 0.000          ; Low Pulse Width  ; current_state.exec_state ; Fall       ; next_state.end_state_2609|datad  ;
; 0.500 ; 0.500        ; 0.000          ; High Pulse Width ; current_state.exec_state ; Rise       ; next_state.exec_state_2618       ;
; 0.500 ; 0.500        ; 0.000          ; Low Pulse Width  ; current_state.exec_state ; Rise       ; next_state.exec_state_2618       ;
; 0.500 ; 0.500        ; 0.000          ; High Pulse Width ; current_state.exec_state ; Fall       ; next_state.exec_state_2618|datac ;
; 0.500 ; 0.500        ; 0.000          ; Low Pulse Width  ; current_state.exec_state ; Fall       ; next_state.exec_state_2618|datac ;
; 0.500 ; 0.500        ; 0.000          ; High Pulse Width ; current_state.exec_state ; Rise       ; next_state.wait_state_2627       ;
; 0.500 ; 0.500        ; 0.000          ; Low Pulse Width  ; current_state.exec_state ; Rise       ; next_state.wait_state_2627       ;
; 0.500 ; 0.500        ; 0.000          ; High Pulse Width ; current_state.exec_state ; Fall       ; next_state.wait_state_2627|datad ;
; 0.500 ; 0.500        ; 0.000          ; Low Pulse Width  ; current_state.exec_state ; Fall       ; next_state.wait_state_2627|datad ;
+-------+--------------+----------------+------------------+--------------------------+------------+----------------------------------+


+----------------------------------------------------------------------------------------------+
; Setup Times                                                                                  ;
+-----------+--------------------------+-------+-------+------------+--------------------------+
; Data Port ; Clock Port               ; Rise  ; Fall  ; Clock Edge ; Clock Reference          ;
+-----------+--------------------------+-------+-------+------------+--------------------------+
; RST       ; CLK                      ; 0.288 ; 0.288 ; Rise       ; CLK                      ;
; start     ; CNT[0]                   ; 1.645 ; 1.645 ; Fall       ; CNT[0]                   ;
; A[*]      ; current_state.end_state  ; 2.733 ; 2.733 ; Rise       ; current_state.end_state  ;
;  A[0]     ; current_state.end_state  ; 2.514 ; 2.514 ; Rise       ; current_state.end_state  ;
;  A[1]     ; current_state.end_state  ; 2.401 ; 2.401 ; Rise       ; current_state.end_state  ;
;  A[2]     ; current_state.end_state  ; 2.535 ; 2.535 ; Rise       ; current_state.end_state  ;
;  A[3]     ; current_state.end_state  ; 2.622 ; 2.622 ; Rise       ; current_state.end_state  ;
;  A[4]     ; current_state.end_state  ; 0.007 ; 0.007 ; Rise       ; current_state.end_state  ;
;  A[5]     ; current_state.end_state  ; 0.125 ; 0.125 ; Rise       ; current_state.end_state  ;
;  A[6]     ; current_state.end_state  ; 2.586 ; 2.586 ; Rise       ; current_state.end_state  ;
;  A[7]     ; current_state.end_state  ; 2.469 ; 2.469 ; Rise       ; current_state.end_state  ;
;  A[8]     ; current_state.end_state  ; 2.505 ; 2.505 ; Rise       ; current_state.end_state  ;
;  A[9]     ; current_state.end_state  ; 2.556 ; 2.556 ; Rise       ; current_state.end_state  ;
;  A[10]    ; current_state.end_state  ; 2.504 ; 2.504 ; Rise       ; current_state.end_state  ;
;  A[11]    ; current_state.end_state  ; 2.577 ; 2.577 ; Rise       ; current_state.end_state  ;
;  A[12]    ; current_state.end_state  ; 2.463 ; 2.463 ; Rise       ; current_state.end_state  ;
;  A[13]    ; current_state.end_state  ; 2.619 ; 2.619 ; Rise       ; current_state.end_state  ;
;  A[14]    ; current_state.end_state  ; 2.428 ; 2.428 ; Rise       ; current_state.end_state  ;
;  A[15]    ; current_state.end_state  ; 2.437 ; 2.437 ; Rise       ; current_state.end_state  ;
;  A[16]    ; current_state.end_state  ; 2.580 ; 2.580 ; Rise       ; current_state.end_state  ;
;  A[17]    ; current_state.end_state  ; 2.163 ; 2.163 ; Rise       ; current_state.end_state  ;
;  A[18]    ; current_state.end_state  ; 2.284 ; 2.284 ; Rise       ; current_state.end_state  ;
;  A[19]    ; current_state.end_state  ; 2.534 ; 2.534 ; Rise       ; current_state.end_state  ;
;  A[20]    ; current_state.end_state  ; 2.440 ; 2.440 ; Rise       ; current_state.end_state  ;
;  A[21]    ; current_state.end_state  ; 2.562 ; 2.562 ; Rise       ; current_state.end_state  ;
;  A[22]    ; current_state.end_state  ; 2.489 ; 2.489 ; Rise       ; current_state.end_state  ;
;  A[23]    ; current_state.end_state  ; 2.338 ; 2.338 ; Rise       ; current_state.end_state  ;
;  A[24]    ; current_state.end_state  ; 2.536 ; 2.536 ; Rise       ; current_state.end_state  ;
;  A[25]    ; current_state.end_state  ; 2.503 ; 2.503 ; Rise       ; current_state.end_state  ;
;  A[26]    ; current_state.end_state  ; 2.519 ; 2.519 ; Rise       ; current_state.end_state  ;
;  A[27]    ; current_state.end_state  ; 2.302 ; 2.302 ; Rise       ; current_state.end_state  ;
;  A[28]    ; current_state.end_state  ; 2.497 ; 2.497 ; Rise       ; current_state.end_state  ;
;  A[29]    ; current_state.end_state  ; 2.292 ; 2.292 ; Rise       ; current_state.end_state  ;
;  A[30]    ; current_state.end_state  ; 2.368 ; 2.368 ; Rise       ; current_state.end_state  ;
;  A[31]    ; current_state.end_state  ; 2.333 ; 2.333 ; Rise       ; current_state.end_state  ;
;  A[32]    ; current_state.end_state  ; 2.491 ; 2.491 ; Rise       ; current_state.end_state  ;
;  A[33]    ; current_state.end_state  ; 2.477 ; 2.477 ; Rise       ; current_state.end_state  ;
;  A[34]    ; current_state.end_state  ; 2.508 ; 2.508 ; Rise       ; current_state.end_state  ;
;  A[35]    ; current_state.end_state  ; 2.574 ; 2.574 ; Rise       ; current_state.end_state  ;
;  A[36]    ; current_state.end_state  ; 0.064 ; 0.064 ; Rise       ; current_state.end_state  ;
;  A[37]    ; current_state.end_state  ; 0.149 ; 0.149 ; Rise       ; current_state.end_state  ;
;  A[38]    ; current_state.end_state  ; 2.295 ; 2.295 ; Rise       ; current_state.end_state  ;
;  A[39]    ; current_state.end_state  ; 2.288 ; 2.288 ; Rise       ; current_state.end_state  ;
;  A[40]    ; current_state.end_state  ; 2.453 ; 2.453 ; Rise       ; current_state.end_state  ;
;  A[41]    ; current_state.end_state  ; 2.601 ; 2.601 ; Rise       ; current_state.end_state  ;
;  A[42]    ; current_state.end_state  ; 2.408 ; 2.408 ; Rise       ; current_state.end_state  ;
;  A[43]    ; current_state.end_state  ; 2.628 ; 2.628 ; Rise       ; current_state.end_state  ;
;  A[44]    ; current_state.end_state  ; 2.251 ; 2.251 ; Rise       ; current_state.end_state  ;
;  A[45]    ; current_state.end_state  ; 2.664 ; 2.664 ; Rise       ; current_state.end_state  ;
;  A[46]    ; current_state.end_state  ; 2.537 ; 2.537 ; Rise       ; current_state.end_state  ;
;  A[47]    ; current_state.end_state  ; 2.464 ; 2.464 ; Rise       ; current_state.end_state  ;
;  A[48]    ; current_state.end_state  ; 2.331 ; 2.331 ; Rise       ; current_state.end_state  ;
;  A[49]    ; current_state.end_state  ; 2.629 ; 2.629 ; Rise       ; current_state.end_state  ;
;  A[50]    ; current_state.end_state  ; 2.255 ; 2.255 ; Rise       ; current_state.end_state  ;
;  A[51]    ; current_state.end_state  ; 2.366 ; 2.366 ; Rise       ; current_state.end_state  ;
;  A[52]    ; current_state.end_state  ; 2.243 ; 2.243 ; Rise       ; current_state.end_state  ;
;  A[53]    ; current_state.end_state  ; 2.708 ; 2.708 ; Rise       ; current_state.end_state  ;
;  A[54]    ; current_state.end_state  ; 2.494 ; 2.494 ; Rise       ; current_state.end_state  ;
;  A[55]    ; current_state.end_state  ; 2.567 ; 2.567 ; Rise       ; current_state.end_state  ;
;  A[56]    ; current_state.end_state  ; 2.569 ; 2.569 ; Rise       ; current_state.end_state  ;
;  A[57]    ; current_state.end_state  ; 2.647 ; 2.647 ; Rise       ; current_state.end_state  ;
;  A[58]    ; current_state.end_state  ; 0.158 ; 0.158 ; Rise       ; current_state.end_state  ;
;  A[59]    ; current_state.end_state  ; 2.733 ; 2.733 ; Rise       ; current_state.end_state  ;
;  A[60]    ; current_state.end_state  ; 2.608 ; 2.608 ; Rise       ; current_state.end_state  ;
;  A[61]    ; current_state.end_state  ; 0.166 ; 0.166 ; Rise       ; current_state.end_state  ;
;  A[62]    ; current_state.end_state  ; 0.057 ; 0.057 ; Rise       ; current_state.end_state  ;
;  A[63]    ; current_state.end_state  ; 2.352 ; 2.352 ; Rise       ; current_state.end_state  ;
; start     ; current_state.exec_state ; 1.964 ; 1.964 ; Rise       ; current_state.exec_state ;
+-----------+--------------------------+-------+-------+------------+--------------------------+


+------------------------------------------------------------------------------------------------+
; Hold Times                                                                                     ;
+-----------+--------------------------+--------+--------+------------+--------------------------+
; Data Port ; Clock Port               ; Rise   ; Fall   ; Clock Edge ; Clock Reference          ;
+-----------+--------------------------+--------+--------+------------+--------------------------+
; RST       ; CLK                      ; 0.358  ; 0.358  ; Rise       ; CLK                      ;
; start     ; CNT[0]                   ; -1.182 ; -1.182 ; Fall       ; CNT[0]                   ;
; A[*]      ; current_state.end_state  ; 0.451  ; 0.451  ; Rise       ; current_state.end_state  ;
;  A[0]     ; current_state.end_state  ; -2.178 ; -2.178 ; Rise       ; current_state.end_state  ;
;  A[1]     ; current_state.end_state  ; -2.058 ; -2.058 ; Rise       ; current_state.end_state  ;
;  A[2]     ; current_state.end_state  ; -2.112 ; -2.112 ; Rise       ; current_state.end_state  ;
;  A[3]     ; current_state.end_state  ; -2.199 ; -2.199 ; Rise       ; current_state.end_state  ;
;  A[4]     ; current_state.end_state  ; 0.451  ; 0.451  ; Rise       ; current_state.end_state  ;
;  A[5]     ; current_state.end_state  ; 0.207  ; 0.207  ; Rise       ; current_state.end_state  ;
;  A[6]     ; current_state.end_state  ; -2.164 ; -2.164 ; Rise       ; current_state.end_state  ;
;  A[7]     ; current_state.end_state  ; -2.053 ; -2.053 ; Rise       ; current_state.end_state  ;
;  A[8]     ; current_state.end_state  ; -2.095 ; -2.095 ; Rise       ; current_state.end_state  ;
;  A[9]     ; current_state.end_state  ; -2.096 ; -2.096 ; Rise       ; current_state.end_state  ;
;  A[10]    ; current_state.end_state  ; -2.094 ; -2.094 ; Rise       ; current_state.end_state  ;
;  A[11]    ; current_state.end_state  ; -2.159 ; -2.159 ; Rise       ; current_state.end_state  ;
;  A[12]    ; current_state.end_state  ; -2.006 ; -2.006 ; Rise       ; current_state.end_state  ;
;  A[13]    ; current_state.end_state  ; -2.153 ; -2.153 ; Rise       ; current_state.end_state  ;
;  A[14]    ; current_state.end_state  ; -2.058 ; -2.058 ; Rise       ; current_state.end_state  ;
;  A[15]    ; current_state.end_state  ; -2.066 ; -2.066 ; Rise       ; current_state.end_state  ;
;  A[16]    ; current_state.end_state  ; -2.133 ; -2.133 ; Rise       ; current_state.end_state  ;
;  A[17]    ; current_state.end_state  ; -1.792 ; -1.792 ; Rise       ; current_state.end_state  ;
;  A[18]    ; current_state.end_state  ; -1.837 ; -1.837 ; Rise       ; current_state.end_state  ;
;  A[19]    ; current_state.end_state  ; -2.116 ; -2.116 ; Rise       ; current_state.end_state  ;
;  A[20]    ; current_state.end_state  ; -2.097 ; -2.097 ; Rise       ; current_state.end_state  ;
;  A[21]    ; current_state.end_state  ; -2.146 ; -2.146 ; Rise       ; current_state.end_state  ;
;  A[22]    ; current_state.end_state  ; -2.021 ; -2.021 ; Rise       ; current_state.end_state  ;
;  A[23]    ; current_state.end_state  ; -1.931 ; -1.931 ; Rise       ; current_state.end_state  ;
;  A[24]    ; current_state.end_state  ; -2.117 ; -2.117 ; Rise       ; current_state.end_state  ;
;  A[25]    ; current_state.end_state  ; -2.042 ; -2.042 ; Rise       ; current_state.end_state  ;
;  A[26]    ; current_state.end_state  ; -2.088 ; -2.088 ; Rise       ; current_state.end_state  ;
;  A[27]    ; current_state.end_state  ; -1.882 ; -1.882 ; Rise       ; current_state.end_state  ;
;  A[28]    ; current_state.end_state  ; -2.045 ; -2.045 ; Rise       ; current_state.end_state  ;
;  A[29]    ; current_state.end_state  ; -1.832 ; -1.832 ; Rise       ; current_state.end_state  ;
;  A[30]    ; current_state.end_state  ; -1.906 ; -1.906 ; Rise       ; current_state.end_state  ;
;  A[31]    ; current_state.end_state  ; -1.962 ; -1.962 ; Rise       ; current_state.end_state  ;
;  A[32]    ; current_state.end_state  ; -2.079 ; -2.079 ; Rise       ; current_state.end_state  ;
;  A[33]    ; current_state.end_state  ; -2.007 ; -2.007 ; Rise       ; current_state.end_state  ;
;  A[34]    ; current_state.end_state  ; -1.953 ; -1.953 ; Rise       ; current_state.end_state  ;
;  A[35]    ; current_state.end_state  ; -2.243 ; -2.243 ; Rise       ; current_state.end_state  ;
;  A[36]    ; current_state.end_state  ; 0.318  ; 0.318  ; Rise       ; current_state.end_state  ;
;  A[37]    ; current_state.end_state  ; 0.321  ; 0.321  ; Rise       ; current_state.end_state  ;
;  A[38]    ; current_state.end_state  ; -1.836 ; -1.836 ; Rise       ; current_state.end_state  ;
;  A[39]    ; current_state.end_state  ; -1.834 ; -1.834 ; Rise       ; current_state.end_state  ;
;  A[40]    ; current_state.end_state  ; -2.043 ; -2.043 ; Rise       ; current_state.end_state  ;
;  A[41]    ; current_state.end_state  ; -2.179 ; -2.179 ; Rise       ; current_state.end_state  ;
;  A[42]    ; current_state.end_state  ; -1.958 ; -1.958 ; Rise       ; current_state.end_state  ;
;  A[43]    ; current_state.end_state  ; -2.205 ; -2.205 ; Rise       ; current_state.end_state  ;
;  A[44]    ; current_state.end_state  ; -1.920 ; -1.920 ; Rise       ; current_state.end_state  ;
;  A[45]    ; current_state.end_state  ; -2.248 ; -2.248 ; Rise       ; current_state.end_state  ;
;  A[46]    ; current_state.end_state  ; -2.119 ; -2.119 ; Rise       ; current_state.end_state  ;
;  A[47]    ; current_state.end_state  ; -2.082 ; -2.082 ; Rise       ; current_state.end_state  ;
;  A[48]    ; current_state.end_state  ; -1.923 ; -1.923 ; Rise       ; current_state.end_state  ;
;  A[49]    ; current_state.end_state  ; -2.157 ; -2.157 ; Rise       ; current_state.end_state  ;
;  A[50]    ; current_state.end_state  ; -1.805 ; -1.805 ; Rise       ; current_state.end_state  ;
;  A[51]    ; current_state.end_state  ; -1.944 ; -1.944 ; Rise       ; current_state.end_state  ;
;  A[52]    ; current_state.end_state  ; -1.872 ; -1.872 ; Rise       ; current_state.end_state  ;
;  A[53]    ; current_state.end_state  ; -2.290 ; -2.290 ; Rise       ; current_state.end_state  ;
;  A[54]    ; current_state.end_state  ; -2.043 ; -2.043 ; Rise       ; current_state.end_state  ;
;  A[55]    ; current_state.end_state  ; -2.136 ; -2.136 ; Rise       ; current_state.end_state  ;
;  A[56]    ; current_state.end_state  ; -2.161 ; -2.161 ; Rise       ; current_state.end_state  ;
;  A[57]    ; current_state.end_state  ; -2.226 ; -2.226 ; Rise       ; current_state.end_state  ;
;  A[58]    ; current_state.end_state  ; 0.300  ; 0.300  ; Rise       ; current_state.end_state  ;
;  A[59]    ; current_state.end_state  ; -2.268 ; -2.268 ; Rise       ; current_state.end_state  ;
;  A[60]    ; current_state.end_state  ; -2.190 ; -2.190 ; Rise       ; current_state.end_state  ;
;  A[61]    ; current_state.end_state  ; 0.300  ; 0.300  ; Rise       ; current_state.end_state  ;
;  A[62]    ; current_state.end_state  ; 0.325  ; 0.325  ; Rise       ; current_state.end_state  ;
;  A[63]    ; current_state.end_state  ; -1.970 ; -1.970 ; Rise       ; current_state.end_state  ;
; start     ; current_state.exec_state ; -1.501 ; -1.501 ; Rise       ; current_state.exec_state ;
+-----------+--------------------------+--------+--------+------------+--------------------------+


+-----------------------------------------------------------------------------------------------+
; Clock to Output Times                                                                         ;
+------------+--------------------------+-------+-------+------------+--------------------------+
; Data Port  ; Clock Port               ; Rise  ; Fall  ; Clock Edge ; Clock Reference          ;
+------------+--------------------------+-------+-------+------------+--------------------------+
; Z_OUT[*]   ; current_state.end_state  ; 4.347 ; 4.347 ; Fall       ; current_state.end_state  ;
;  Z_OUT[0]  ; current_state.end_state  ; 4.085 ; 4.085 ; Fall       ; current_state.end_state  ;
;  Z_OUT[1]  ; current_state.end_state  ; 4.209 ; 4.209 ; Fall       ; current_state.end_state  ;
;  Z_OUT[2]  ; current_state.end_state  ; 4.321 ; 4.321 ; Fall       ; current_state.end_state  ;
;  Z_OUT[3]  ; current_state.end_state  ; 4.202 ; 4.202 ; Fall       ; current_state.end_state  ;
;  Z_OUT[4]  ; current_state.end_state  ; 3.889 ; 3.889 ; Fall       ; current_state.end_state  ;
;  Z_OUT[5]  ; current_state.end_state  ; 4.347 ; 4.347 ; Fall       ; current_state.end_state  ;
;  Z_OUT[6]  ; current_state.end_state  ; 3.744 ; 3.744 ; Fall       ; current_state.end_state  ;
;  Z_OUT[7]  ; current_state.end_state  ; 4.194 ; 4.194 ; Fall       ; current_state.end_state  ;
;  Z_OUT[8]  ; current_state.end_state  ; 4.240 ; 4.240 ; Fall       ; current_state.end_state  ;
;  Z_OUT[9]  ; current_state.end_state  ; 3.937 ; 3.937 ; Fall       ; current_state.end_state  ;
;  Z_OUT[10] ; current_state.end_state  ; 3.970 ; 3.970 ; Fall       ; current_state.end_state  ;
;  Z_OUT[11] ; current_state.end_state  ; 4.290 ; 4.290 ; Fall       ; current_state.end_state  ;
;  Z_OUT[12] ; current_state.end_state  ; 4.297 ; 4.297 ; Fall       ; current_state.end_state  ;
;  Z_OUT[13] ; current_state.end_state  ; 4.168 ; 4.168 ; Fall       ; current_state.end_state  ;
;  Z_OUT[14] ; current_state.end_state  ; 4.039 ; 4.039 ; Fall       ; current_state.end_state  ;
;  Z_OUT[15] ; current_state.end_state  ; 4.081 ; 4.081 ; Fall       ; current_state.end_state  ;
;  Z_OUT[16] ; current_state.end_state  ; 3.896 ; 3.896 ; Fall       ; current_state.end_state  ;
;  Z_OUT[17] ; current_state.end_state  ; 4.040 ; 4.040 ; Fall       ; current_state.end_state  ;
;  Z_OUT[18] ; current_state.end_state  ; 4.130 ; 4.130 ; Fall       ; current_state.end_state  ;
;  Z_OUT[19] ; current_state.end_state  ; 4.250 ; 4.250 ; Fall       ; current_state.end_state  ;
;  Z_OUT[20] ; current_state.end_state  ; 4.167 ; 4.167 ; Fall       ; current_state.end_state  ;
;  Z_OUT[21] ; current_state.end_state  ; 4.171 ; 4.171 ; Fall       ; current_state.end_state  ;
;  Z_OUT[22] ; current_state.end_state  ; 4.338 ; 4.338 ; Fall       ; current_state.end_state  ;
;  Z_OUT[23] ; current_state.end_state  ; 3.989 ; 3.989 ; Fall       ; current_state.end_state  ;
;  Z_OUT[24] ; current_state.end_state  ; 3.838 ; 3.838 ; Fall       ; current_state.end_state  ;
;  Z_OUT[25] ; current_state.end_state  ; 4.144 ; 4.144 ; Fall       ; current_state.end_state  ;
;  Z_OUT[26] ; current_state.end_state  ; 4.215 ; 4.215 ; Fall       ; current_state.end_state  ;
;  Z_OUT[27] ; current_state.end_state  ; 4.007 ; 4.007 ; Fall       ; current_state.end_state  ;
;  Z_OUT[28] ; current_state.end_state  ; 4.052 ; 4.052 ; Fall       ; current_state.end_state  ;
;  Z_OUT[29] ; current_state.end_state  ; 4.253 ; 4.253 ; Fall       ; current_state.end_state  ;
;  Z_OUT[30] ; current_state.end_state  ; 4.016 ; 4.016 ; Fall       ; current_state.end_state  ;
;  Z_OUT[31] ; current_state.end_state  ; 4.178 ; 4.178 ; Fall       ; current_state.end_state  ;
; DONE       ; current_state.exec_state ; 3.711 ; 3.711 ; Rise       ; current_state.exec_state ;
+------------+--------------------------+-------+-------+------------+--------------------------+


+-----------------------------------------------------------------------------------------------+
; Minimum Clock to Output Times                                                                 ;
+------------+--------------------------+-------+-------+------------+--------------------------+
; Data Port  ; Clock Port               ; Rise  ; Fall  ; Clock Edge ; Clock Reference          ;
+------------+--------------------------+-------+-------+------------+--------------------------+
; Z_OUT[*]   ; current_state.end_state  ; 3.744 ; 3.744 ; Fall       ; current_state.end_state  ;
;  Z_OUT[0]  ; current_state.end_state  ; 4.085 ; 4.085 ; Fall       ; current_state.end_state  ;
;  Z_OUT[1]  ; current_state.end_state  ; 4.209 ; 4.209 ; Fall       ; current_state.end_state  ;
;  Z_OUT[2]  ; current_state.end_state  ; 4.321 ; 4.321 ; Fall       ; current_state.end_state  ;
;  Z_OUT[3]  ; current_state.end_state  ; 4.202 ; 4.202 ; Fall       ; current_state.end_state  ;
;  Z_OUT[4]  ; current_state.end_state  ; 3.889 ; 3.889 ; Fall       ; current_state.end_state  ;
;  Z_OUT[5]  ; current_state.end_state  ; 4.347 ; 4.347 ; Fall       ; current_state.end_state  ;
;  Z_OUT[6]  ; current_state.end_state  ; 3.744 ; 3.744 ; Fall       ; current_state.end_state  ;
;  Z_OUT[7]  ; current_state.end_state  ; 4.194 ; 4.194 ; Fall       ; current_state.end_state  ;
;  Z_OUT[8]  ; current_state.end_state  ; 4.240 ; 4.240 ; Fall       ; current_state.end_state  ;
;  Z_OUT[9]  ; current_state.end_state  ; 3.937 ; 3.937 ; Fall       ; current_state.end_state  ;
;  Z_OUT[10] ; current_state.end_state  ; 3.970 ; 3.970 ; Fall       ; current_state.end_state  ;
;  Z_OUT[11] ; current_state.end_state  ; 4.290 ; 4.290 ; Fall       ; current_state.end_state  ;
;  Z_OUT[12] ; current_state.end_state  ; 4.297 ; 4.297 ; Fall       ; current_state.end_state  ;
;  Z_OUT[13] ; current_state.end_state  ; 4.168 ; 4.168 ; Fall       ; current_state.end_state  ;
;  Z_OUT[14] ; current_state.end_state  ; 4.039 ; 4.039 ; Fall       ; current_state.end_state  ;
;  Z_OUT[15] ; current_state.end_state  ; 4.081 ; 4.081 ; Fall       ; current_state.end_state  ;
;  Z_OUT[16] ; current_state.end_state  ; 3.896 ; 3.896 ; Fall       ; current_state.end_state  ;
;  Z_OUT[17] ; current_state.end_state  ; 4.040 ; 4.040 ; Fall       ; current_state.end_state  ;
;  Z_OUT[18] ; current_state.end_state  ; 4.130 ; 4.130 ; Fall       ; current_state.end_state  ;
;  Z_OUT[19] ; current_state.end_state  ; 4.250 ; 4.250 ; Fall       ; current_state.end_state  ;
;  Z_OUT[20] ; current_state.end_state  ; 4.167 ; 4.167 ; Fall       ; current_state.end_state  ;
;  Z_OUT[21] ; current_state.end_state  ; 4.171 ; 4.171 ; Fall       ; current_state.end_state  ;
;  Z_OUT[22] ; current_state.end_state  ; 4.338 ; 4.338 ; Fall       ; current_state.end_state  ;
;  Z_OUT[23] ; current_state.end_state  ; 3.989 ; 3.989 ; Fall       ; current_state.end_state  ;
;  Z_OUT[24] ; current_state.end_state  ; 3.838 ; 3.838 ; Fall       ; current_state.end_state  ;
;  Z_OUT[25] ; current_state.end_state  ; 4.144 ; 4.144 ; Fall       ; current_state.end_state  ;
;  Z_OUT[26] ; current_state.end_state  ; 4.215 ; 4.215 ; Fall       ; current_state.end_state  ;
;  Z_OUT[27] ; current_state.end_state  ; 4.007 ; 4.007 ; Fall       ; current_state.end_state  ;
;  Z_OUT[28] ; current_state.end_state  ; 4.052 ; 4.052 ; Fall       ; current_state.end_state  ;
;  Z_OUT[29] ; current_state.end_state  ; 4.253 ; 4.253 ; Fall       ; current_state.end_state  ;
;  Z_OUT[30] ; current_state.end_state  ; 4.016 ; 4.016 ; Fall       ; current_state.end_state  ;
;  Z_OUT[31] ; current_state.end_state  ; 4.178 ; 4.178 ; Fall       ; current_state.end_state  ;
; DONE       ; current_state.exec_state ; 3.711 ; 3.711 ; Rise       ; current_state.exec_state ;
+------------+--------------------------+-------+-------+------------+--------------------------+


+--------------------------------------------------------------------------------------------+
; Multicorner Timing Analysis Summary                                                        ;
+---------------------------+----------+----------+----------+---------+---------------------+
; Clock                     ; Setup    ; Hold     ; Recovery ; Removal ; Minimum Pulse Width ;
+---------------------------+----------+----------+----------+---------+---------------------+
; Worst-case Slack          ; -11.591  ; -4.481   ; N/A      ; N/A     ; -1.631              ;
;  CLK                      ; -3.209   ; -0.003   ; N/A      ; N/A     ; -1.631              ;
;  CNT[0]                   ; 0.611    ; -4.481   ; N/A      ; N/A     ; 0.500               ;
;  current_state.end_state  ; -11.591  ; -1.971   ; N/A      ; N/A     ; 0.500               ;
;  current_state.exec_state ; 0.696    ; -3.540   ; N/A      ; N/A     ; 0.500               ;
; Design-wide TNS           ; -846.126 ; -278.217 ; 0.0      ; 0.0     ; -161.713            ;
;  CLK                      ; -10.525  ; -0.003   ; N/A      ; N/A     ; -161.713            ;
;  CNT[0]                   ; 0.000    ; -10.089  ; N/A      ; N/A     ; 0.000               ;
;  current_state.end_state  ; -835.601 ; -257.314 ; N/A      ; N/A     ; 0.000               ;
;  current_state.exec_state ; 0.000    ; -10.814  ; N/A      ; N/A     ; 0.000               ;
+---------------------------+----------+----------+----------+---------+---------------------+


+----------------------------------------------------------------------------------------------+
; Setup Times                                                                                  ;
+-----------+--------------------------+-------+-------+------------+--------------------------+
; Data Port ; Clock Port               ; Rise  ; Fall  ; Clock Edge ; Clock Reference          ;
+-----------+--------------------------+-------+-------+------------+--------------------------+
; RST       ; CLK                      ; 1.701 ; 1.701 ; Rise       ; CLK                      ;
; start     ; CNT[0]                   ; 3.369 ; 3.369 ; Fall       ; CNT[0]                   ;
; A[*]      ; current_state.end_state  ; 6.628 ; 6.628 ; Rise       ; current_state.end_state  ;
;  A[0]     ; current_state.end_state  ; 5.968 ; 5.968 ; Rise       ; current_state.end_state  ;
;  A[1]     ; current_state.end_state  ; 5.758 ; 5.758 ; Rise       ; current_state.end_state  ;
;  A[2]     ; current_state.end_state  ; 6.208 ; 6.208 ; Rise       ; current_state.end_state  ;
;  A[3]     ; current_state.end_state  ; 6.384 ; 6.384 ; Rise       ; current_state.end_state  ;
;  A[4]     ; current_state.end_state  ; 1.327 ; 1.327 ; Rise       ; current_state.end_state  ;
;  A[5]     ; current_state.end_state  ; 1.516 ; 1.516 ; Rise       ; current_state.end_state  ;
;  A[6]     ; current_state.end_state  ; 6.287 ; 6.287 ; Rise       ; current_state.end_state  ;
;  A[7]     ; current_state.end_state  ; 5.966 ; 5.966 ; Rise       ; current_state.end_state  ;
;  A[8]     ; current_state.end_state  ; 6.031 ; 6.031 ; Rise       ; current_state.end_state  ;
;  A[9]     ; current_state.end_state  ; 6.216 ; 6.216 ; Rise       ; current_state.end_state  ;
;  A[10]    ; current_state.end_state  ; 6.030 ; 6.030 ; Rise       ; current_state.end_state  ;
;  A[11]    ; current_state.end_state  ; 6.201 ; 6.201 ; Rise       ; current_state.end_state  ;
;  A[12]    ; current_state.end_state  ; 5.908 ; 5.908 ; Rise       ; current_state.end_state  ;
;  A[13]    ; current_state.end_state  ; 6.407 ; 6.407 ; Rise       ; current_state.end_state  ;
;  A[14]    ; current_state.end_state  ; 5.760 ; 5.760 ; Rise       ; current_state.end_state  ;
;  A[15]    ; current_state.end_state  ; 5.914 ; 5.914 ; Rise       ; current_state.end_state  ;
;  A[16]    ; current_state.end_state  ; 6.280 ; 6.280 ; Rise       ; current_state.end_state  ;
;  A[17]    ; current_state.end_state  ; 5.182 ; 5.182 ; Rise       ; current_state.end_state  ;
;  A[18]    ; current_state.end_state  ; 5.506 ; 5.506 ; Rise       ; current_state.end_state  ;
;  A[19]    ; current_state.end_state  ; 6.137 ; 6.137 ; Rise       ; current_state.end_state  ;
;  A[20]    ; current_state.end_state  ; 5.953 ; 5.953 ; Rise       ; current_state.end_state  ;
;  A[21]    ; current_state.end_state  ; 6.128 ; 6.128 ; Rise       ; current_state.end_state  ;
;  A[22]    ; current_state.end_state  ; 6.090 ; 6.090 ; Rise       ; current_state.end_state  ;
;  A[23]    ; current_state.end_state  ; 5.629 ; 5.629 ; Rise       ; current_state.end_state  ;
;  A[24]    ; current_state.end_state  ; 6.177 ; 6.177 ; Rise       ; current_state.end_state  ;
;  A[25]    ; current_state.end_state  ; 6.001 ; 6.001 ; Rise       ; current_state.end_state  ;
;  A[26]    ; current_state.end_state  ; 6.188 ; 6.188 ; Rise       ; current_state.end_state  ;
;  A[27]    ; current_state.end_state  ; 5.606 ; 5.606 ; Rise       ; current_state.end_state  ;
;  A[28]    ; current_state.end_state  ; 6.044 ; 6.044 ; Rise       ; current_state.end_state  ;
;  A[29]    ; current_state.end_state  ; 5.518 ; 5.518 ; Rise       ; current_state.end_state  ;
;  A[30]    ; current_state.end_state  ; 5.813 ; 5.813 ; Rise       ; current_state.end_state  ;
;  A[31]    ; current_state.end_state  ; 5.578 ; 5.578 ; Rise       ; current_state.end_state  ;
;  A[32]    ; current_state.end_state  ; 6.014 ; 6.014 ; Rise       ; current_state.end_state  ;
;  A[33]    ; current_state.end_state  ; 5.948 ; 5.948 ; Rise       ; current_state.end_state  ;
;  A[34]    ; current_state.end_state  ; 6.071 ; 6.071 ; Rise       ; current_state.end_state  ;
;  A[35]    ; current_state.end_state  ; 6.286 ; 6.286 ; Rise       ; current_state.end_state  ;
;  A[36]    ; current_state.end_state  ; 1.349 ; 1.349 ; Rise       ; current_state.end_state  ;
;  A[37]    ; current_state.end_state  ; 1.591 ; 1.591 ; Rise       ; current_state.end_state  ;
;  A[38]    ; current_state.end_state  ; 5.504 ; 5.504 ; Rise       ; current_state.end_state  ;
;  A[39]    ; current_state.end_state  ; 5.496 ; 5.496 ; Rise       ; current_state.end_state  ;
;  A[40]    ; current_state.end_state  ; 5.983 ; 5.983 ; Rise       ; current_state.end_state  ;
;  A[41]    ; current_state.end_state  ; 6.335 ; 6.335 ; Rise       ; current_state.end_state  ;
;  A[42]    ; current_state.end_state  ; 5.846 ; 5.846 ; Rise       ; current_state.end_state  ;
;  A[43]    ; current_state.end_state  ; 6.364 ; 6.364 ; Rise       ; current_state.end_state  ;
;  A[44]    ; current_state.end_state  ; 5.412 ; 5.412 ; Rise       ; current_state.end_state  ;
;  A[45]    ; current_state.end_state  ; 6.526 ; 6.526 ; Rise       ; current_state.end_state  ;
;  A[46]    ; current_state.end_state  ; 6.270 ; 6.270 ; Rise       ; current_state.end_state  ;
;  A[47]    ; current_state.end_state  ; 5.938 ; 5.938 ; Rise       ; current_state.end_state  ;
;  A[48]    ; current_state.end_state  ; 5.652 ; 5.652 ; Rise       ; current_state.end_state  ;
;  A[49]    ; current_state.end_state  ; 6.326 ; 6.326 ; Rise       ; current_state.end_state  ;
;  A[50]    ; current_state.end_state  ; 5.413 ; 5.413 ; Rise       ; current_state.end_state  ;
;  A[51]    ; current_state.end_state  ; 5.672 ; 5.672 ; Rise       ; current_state.end_state  ;
;  A[52]    ; current_state.end_state  ; 5.327 ; 5.327 ; Rise       ; current_state.end_state  ;
;  A[53]    ; current_state.end_state  ; 6.590 ; 6.590 ; Rise       ; current_state.end_state  ;
;  A[54]    ; current_state.end_state  ; 6.036 ; 6.036 ; Rise       ; current_state.end_state  ;
;  A[55]    ; current_state.end_state  ; 6.183 ; 6.183 ; Rise       ; current_state.end_state  ;
;  A[56]    ; current_state.end_state  ; 6.226 ; 6.226 ; Rise       ; current_state.end_state  ;
;  A[57]    ; current_state.end_state  ; 6.484 ; 6.484 ; Rise       ; current_state.end_state  ;
;  A[58]    ; current_state.end_state  ; 1.707 ; 1.707 ; Rise       ; current_state.end_state  ;
;  A[59]    ; current_state.end_state  ; 6.628 ; 6.628 ; Rise       ; current_state.end_state  ;
;  A[60]    ; current_state.end_state  ; 6.325 ; 6.325 ; Rise       ; current_state.end_state  ;
;  A[61]    ; current_state.end_state  ; 1.617 ; 1.617 ; Rise       ; current_state.end_state  ;
;  A[62]    ; current_state.end_state  ; 1.317 ; 1.317 ; Rise       ; current_state.end_state  ;
;  A[63]    ; current_state.end_state  ; 5.673 ; 5.673 ; Rise       ; current_state.end_state  ;
; start     ; current_state.exec_state ; 4.474 ; 4.474 ; Rise       ; current_state.exec_state ;
+-----------+--------------------------+-------+-------+------------+--------------------------+


+------------------------------------------------------------------------------------------------+
; Hold Times                                                                                     ;
+-----------+--------------------------+--------+--------+------------+--------------------------+
; Data Port ; Clock Port               ; Rise   ; Fall   ; Clock Edge ; Clock Reference          ;
+-----------+--------------------------+--------+--------+------------+--------------------------+
; RST       ; CLK                      ; 0.358  ; 0.358  ; Rise       ; CLK                      ;
; start     ; CNT[0]                   ; -1.182 ; -1.182 ; Fall       ; CNT[0]                   ;
; A[*]      ; current_state.end_state  ; 0.451  ; 0.451  ; Rise       ; current_state.end_state  ;
;  A[0]     ; current_state.end_state  ; -2.178 ; -2.178 ; Rise       ; current_state.end_state  ;
;  A[1]     ; current_state.end_state  ; -2.058 ; -2.058 ; Rise       ; current_state.end_state  ;
;  A[2]     ; current_state.end_state  ; -2.112 ; -2.112 ; Rise       ; current_state.end_state  ;
;  A[3]     ; current_state.end_state  ; -2.199 ; -2.199 ; Rise       ; current_state.end_state  ;
;  A[4]     ; current_state.end_state  ; 0.451  ; 0.451  ; Rise       ; current_state.end_state  ;
;  A[5]     ; current_state.end_state  ; 0.207  ; 0.207  ; Rise       ; current_state.end_state  ;
;  A[6]     ; current_state.end_state  ; -2.164 ; -2.164 ; Rise       ; current_state.end_state  ;
;  A[7]     ; current_state.end_state  ; -2.053 ; -2.053 ; Rise       ; current_state.end_state  ;
;  A[8]     ; current_state.end_state  ; -2.095 ; -2.095 ; Rise       ; current_state.end_state  ;
;  A[9]     ; current_state.end_state  ; -2.096 ; -2.096 ; Rise       ; current_state.end_state  ;
;  A[10]    ; current_state.end_state  ; -2.094 ; -2.094 ; Rise       ; current_state.end_state  ;
;  A[11]    ; current_state.end_state  ; -2.159 ; -2.159 ; Rise       ; current_state.end_state  ;
;  A[12]    ; current_state.end_state  ; -2.006 ; -2.006 ; Rise       ; current_state.end_state  ;
;  A[13]    ; current_state.end_state  ; -2.153 ; -2.153 ; Rise       ; current_state.end_state  ;
;  A[14]    ; current_state.end_state  ; -2.058 ; -2.058 ; Rise       ; current_state.end_state  ;
;  A[15]    ; current_state.end_state  ; -2.066 ; -2.066 ; Rise       ; current_state.end_state  ;
;  A[16]    ; current_state.end_state  ; -2.133 ; -2.133 ; Rise       ; current_state.end_state  ;
;  A[17]    ; current_state.end_state  ; -1.792 ; -1.792 ; Rise       ; current_state.end_state  ;
;  A[18]    ; current_state.end_state  ; -1.837 ; -1.837 ; Rise       ; current_state.end_state  ;
;  A[19]    ; current_state.end_state  ; -2.116 ; -2.116 ; Rise       ; current_state.end_state  ;
;  A[20]    ; current_state.end_state  ; -2.097 ; -2.097 ; Rise       ; current_state.end_state  ;
;  A[21]    ; current_state.end_state  ; -2.146 ; -2.146 ; Rise       ; current_state.end_state  ;
;  A[22]    ; current_state.end_state  ; -2.021 ; -2.021 ; Rise       ; current_state.end_state  ;
;  A[23]    ; current_state.end_state  ; -1.931 ; -1.931 ; Rise       ; current_state.end_state  ;
;  A[24]    ; current_state.end_state  ; -2.117 ; -2.117 ; Rise       ; current_state.end_state  ;
;  A[25]    ; current_state.end_state  ; -2.042 ; -2.042 ; Rise       ; current_state.end_state  ;
;  A[26]    ; current_state.end_state  ; -2.088 ; -2.088 ; Rise       ; current_state.end_state  ;
;  A[27]    ; current_state.end_state  ; -1.882 ; -1.882 ; Rise       ; current_state.end_state  ;
;  A[28]    ; current_state.end_state  ; -2.045 ; -2.045 ; Rise       ; current_state.end_state  ;
;  A[29]    ; current_state.end_state  ; -1.832 ; -1.832 ; Rise       ; current_state.end_state  ;
;  A[30]    ; current_state.end_state  ; -1.906 ; -1.906 ; Rise       ; current_state.end_state  ;
;  A[31]    ; current_state.end_state  ; -1.962 ; -1.962 ; Rise       ; current_state.end_state  ;
;  A[32]    ; current_state.end_state  ; -2.079 ; -2.079 ; Rise       ; current_state.end_state  ;
;  A[33]    ; current_state.end_state  ; -2.007 ; -2.007 ; Rise       ; current_state.end_state  ;
;  A[34]    ; current_state.end_state  ; -1.953 ; -1.953 ; Rise       ; current_state.end_state  ;
;  A[35]    ; current_state.end_state  ; -2.243 ; -2.243 ; Rise       ; current_state.end_state  ;
;  A[36]    ; current_state.end_state  ; 0.318  ; 0.318  ; Rise       ; current_state.end_state  ;
;  A[37]    ; current_state.end_state  ; 0.321  ; 0.321  ; Rise       ; current_state.end_state  ;
;  A[38]    ; current_state.end_state  ; -1.836 ; -1.836 ; Rise       ; current_state.end_state  ;
;  A[39]    ; current_state.end_state  ; -1.834 ; -1.834 ; Rise       ; current_state.end_state  ;
;  A[40]    ; current_state.end_state  ; -2.043 ; -2.043 ; Rise       ; current_state.end_state  ;
;  A[41]    ; current_state.end_state  ; -2.179 ; -2.179 ; Rise       ; current_state.end_state  ;
;  A[42]    ; current_state.end_state  ; -1.958 ; -1.958 ; Rise       ; current_state.end_state  ;
;  A[43]    ; current_state.end_state  ; -2.205 ; -2.205 ; Rise       ; current_state.end_state  ;
;  A[44]    ; current_state.end_state  ; -1.920 ; -1.920 ; Rise       ; current_state.end_state  ;
;  A[45]    ; current_state.end_state  ; -2.248 ; -2.248 ; Rise       ; current_state.end_state  ;
;  A[46]    ; current_state.end_state  ; -2.119 ; -2.119 ; Rise       ; current_state.end_state  ;
;  A[47]    ; current_state.end_state  ; -2.082 ; -2.082 ; Rise       ; current_state.end_state  ;
;  A[48]    ; current_state.end_state  ; -1.923 ; -1.923 ; Rise       ; current_state.end_state  ;
;  A[49]    ; current_state.end_state  ; -2.157 ; -2.157 ; Rise       ; current_state.end_state  ;
;  A[50]    ; current_state.end_state  ; -1.805 ; -1.805 ; Rise       ; current_state.end_state  ;
;  A[51]    ; current_state.end_state  ; -1.944 ; -1.944 ; Rise       ; current_state.end_state  ;
;  A[52]    ; current_state.end_state  ; -1.872 ; -1.872 ; Rise       ; current_state.end_state  ;
;  A[53]    ; current_state.end_state  ; -2.290 ; -2.290 ; Rise       ; current_state.end_state  ;
;  A[54]    ; current_state.end_state  ; -2.043 ; -2.043 ; Rise       ; current_state.end_state  ;
;  A[55]    ; current_state.end_state  ; -2.136 ; -2.136 ; Rise       ; current_state.end_state  ;
;  A[56]    ; current_state.end_state  ; -2.161 ; -2.161 ; Rise       ; current_state.end_state  ;
;  A[57]    ; current_state.end_state  ; -2.226 ; -2.226 ; Rise       ; current_state.end_state  ;
;  A[58]    ; current_state.end_state  ; 0.300  ; 0.300  ; Rise       ; current_state.end_state  ;
;  A[59]    ; current_state.end_state  ; -2.268 ; -2.268 ; Rise       ; current_state.end_state  ;
;  A[60]    ; current_state.end_state  ; -2.190 ; -2.190 ; Rise       ; current_state.end_state  ;
;  A[61]    ; current_state.end_state  ; 0.300  ; 0.300  ; Rise       ; current_state.end_state  ;
;  A[62]    ; current_state.end_state  ; 0.325  ; 0.325  ; Rise       ; current_state.end_state  ;
;  A[63]    ; current_state.end_state  ; -1.970 ; -1.970 ; Rise       ; current_state.end_state  ;
; start     ; current_state.exec_state ; -1.501 ; -1.501 ; Rise       ; current_state.exec_state ;
+-----------+--------------------------+--------+--------+------------+--------------------------+


+-----------------------------------------------------------------------------------------------+
; Clock to Output Times                                                                         ;
+------------+--------------------------+-------+-------+------------+--------------------------+
; Data Port  ; Clock Port               ; Rise  ; Fall  ; Clock Edge ; Clock Reference          ;
+------------+--------------------------+-------+-------+------------+--------------------------+
; Z_OUT[*]   ; current_state.end_state  ; 9.805 ; 9.805 ; Fall       ; current_state.end_state  ;
;  Z_OUT[0]  ; current_state.end_state  ; 8.906 ; 8.906 ; Fall       ; current_state.end_state  ;
;  Z_OUT[1]  ; current_state.end_state  ; 9.403 ; 9.403 ; Fall       ; current_state.end_state  ;
;  Z_OUT[2]  ; current_state.end_state  ; 9.781 ; 9.781 ; Fall       ; current_state.end_state  ;
;  Z_OUT[3]  ; current_state.end_state  ; 9.295 ; 9.295 ; Fall       ; current_state.end_state  ;
;  Z_OUT[4]  ; current_state.end_state  ; 8.579 ; 8.579 ; Fall       ; current_state.end_state  ;
;  Z_OUT[5]  ; current_state.end_state  ; 9.685 ; 9.685 ; Fall       ; current_state.end_state  ;
;  Z_OUT[6]  ; current_state.end_state  ; 8.084 ; 8.084 ; Fall       ; current_state.end_state  ;
;  Z_OUT[7]  ; current_state.end_state  ; 9.548 ; 9.548 ; Fall       ; current_state.end_state  ;
;  Z_OUT[8]  ; current_state.end_state  ; 9.639 ; 9.639 ; Fall       ; current_state.end_state  ;
;  Z_OUT[9]  ; current_state.end_state  ; 8.686 ; 8.686 ; Fall       ; current_state.end_state  ;
;  Z_OUT[10] ; current_state.end_state  ; 8.716 ; 8.716 ; Fall       ; current_state.end_state  ;
;  Z_OUT[11] ; current_state.end_state  ; 9.579 ; 9.579 ; Fall       ; current_state.end_state  ;
;  Z_OUT[12] ; current_state.end_state  ; 9.569 ; 9.569 ; Fall       ; current_state.end_state  ;
;  Z_OUT[13] ; current_state.end_state  ; 9.169 ; 9.169 ; Fall       ; current_state.end_state  ;
;  Z_OUT[14] ; current_state.end_state  ; 9.047 ; 9.047 ; Fall       ; current_state.end_state  ;
;  Z_OUT[15] ; current_state.end_state  ; 8.770 ; 8.770 ; Fall       ; current_state.end_state  ;
;  Z_OUT[16] ; current_state.end_state  ; 8.501 ; 8.501 ; Fall       ; current_state.end_state  ;
;  Z_OUT[17] ; current_state.end_state  ; 8.776 ; 8.776 ; Fall       ; current_state.end_state  ;
;  Z_OUT[18] ; current_state.end_state  ; 9.131 ; 9.131 ; Fall       ; current_state.end_state  ;
;  Z_OUT[19] ; current_state.end_state  ; 9.371 ; 9.371 ; Fall       ; current_state.end_state  ;
;  Z_OUT[20] ; current_state.end_state  ; 9.493 ; 9.493 ; Fall       ; current_state.end_state  ;
;  Z_OUT[21] ; current_state.end_state  ; 9.261 ; 9.261 ; Fall       ; current_state.end_state  ;
;  Z_OUT[22] ; current_state.end_state  ; 9.805 ; 9.805 ; Fall       ; current_state.end_state  ;
;  Z_OUT[23] ; current_state.end_state  ; 8.691 ; 8.691 ; Fall       ; current_state.end_state  ;
;  Z_OUT[24] ; current_state.end_state  ; 8.360 ; 8.360 ; Fall       ; current_state.end_state  ;
;  Z_OUT[25] ; current_state.end_state  ; 9.070 ; 9.070 ; Fall       ; current_state.end_state  ;
;  Z_OUT[26] ; current_state.end_state  ; 9.317 ; 9.317 ; Fall       ; current_state.end_state  ;
;  Z_OUT[27] ; current_state.end_state  ; 8.908 ; 8.908 ; Fall       ; current_state.end_state  ;
;  Z_OUT[28] ; current_state.end_state  ; 8.929 ; 8.929 ; Fall       ; current_state.end_state  ;
;  Z_OUT[29] ; current_state.end_state  ; 9.688 ; 9.688 ; Fall       ; current_state.end_state  ;
;  Z_OUT[30] ; current_state.end_state  ; 8.921 ; 8.921 ; Fall       ; current_state.end_state  ;
;  Z_OUT[31] ; current_state.end_state  ; 9.258 ; 9.258 ; Fall       ; current_state.end_state  ;
; DONE       ; current_state.exec_state ; 9.387 ; 9.387 ; Rise       ; current_state.exec_state ;
+------------+--------------------------+-------+-------+------------+--------------------------+


+-----------------------------------------------------------------------------------------------+
; Minimum Clock to Output Times                                                                 ;
+------------+--------------------------+-------+-------+------------+--------------------------+
; Data Port  ; Clock Port               ; Rise  ; Fall  ; Clock Edge ; Clock Reference          ;
+------------+--------------------------+-------+-------+------------+--------------------------+
; Z_OUT[*]   ; current_state.end_state  ; 3.744 ; 3.744 ; Fall       ; current_state.end_state  ;
;  Z_OUT[0]  ; current_state.end_state  ; 4.085 ; 4.085 ; Fall       ; current_state.end_state  ;
;  Z_OUT[1]  ; current_state.end_state  ; 4.209 ; 4.209 ; Fall       ; current_state.end_state  ;
;  Z_OUT[2]  ; current_state.end_state  ; 4.321 ; 4.321 ; Fall       ; current_state.end_state  ;
;  Z_OUT[3]  ; current_state.end_state  ; 4.202 ; 4.202 ; Fall       ; current_state.end_state  ;
;  Z_OUT[4]  ; current_state.end_state  ; 3.889 ; 3.889 ; Fall       ; current_state.end_state  ;
;  Z_OUT[5]  ; current_state.end_state  ; 4.347 ; 4.347 ; Fall       ; current_state.end_state  ;
;  Z_OUT[6]  ; current_state.end_state  ; 3.744 ; 3.744 ; Fall       ; current_state.end_state  ;
;  Z_OUT[7]  ; current_state.end_state  ; 4.194 ; 4.194 ; Fall       ; current_state.end_state  ;
;  Z_OUT[8]  ; current_state.end_state  ; 4.240 ; 4.240 ; Fall       ; current_state.end_state  ;
;  Z_OUT[9]  ; current_state.end_state  ; 3.937 ; 3.937 ; Fall       ; current_state.end_state  ;
;  Z_OUT[10] ; current_state.end_state  ; 3.970 ; 3.970 ; Fall       ; current_state.end_state  ;
;  Z_OUT[11] ; current_state.end_state  ; 4.290 ; 4.290 ; Fall       ; current_state.end_state  ;
;  Z_OUT[12] ; current_state.end_state  ; 4.297 ; 4.297 ; Fall       ; current_state.end_state  ;
;  Z_OUT[13] ; current_state.end_state  ; 4.168 ; 4.168 ; Fall       ; current_state.end_state  ;
;  Z_OUT[14] ; current_state.end_state  ; 4.039 ; 4.039 ; Fall       ; current_state.end_state  ;
;  Z_OUT[15] ; current_state.end_state  ; 4.081 ; 4.081 ; Fall       ; current_state.end_state  ;
;  Z_OUT[16] ; current_state.end_state  ; 3.896 ; 3.896 ; Fall       ; current_state.end_state  ;
;  Z_OUT[17] ; current_state.end_state  ; 4.040 ; 4.040 ; Fall       ; current_state.end_state  ;
;  Z_OUT[18] ; current_state.end_state  ; 4.130 ; 4.130 ; Fall       ; current_state.end_state  ;
;  Z_OUT[19] ; current_state.end_state  ; 4.250 ; 4.250 ; Fall       ; current_state.end_state  ;
;  Z_OUT[20] ; current_state.end_state  ; 4.167 ; 4.167 ; Fall       ; current_state.end_state  ;
;  Z_OUT[21] ; current_state.end_state  ; 4.171 ; 4.171 ; Fall       ; current_state.end_state  ;
;  Z_OUT[22] ; current_state.end_state  ; 4.338 ; 4.338 ; Fall       ; current_state.end_state  ;
;  Z_OUT[23] ; current_state.end_state  ; 3.989 ; 3.989 ; Fall       ; current_state.end_state  ;
;  Z_OUT[24] ; current_state.end_state  ; 3.838 ; 3.838 ; Fall       ; current_state.end_state  ;
;  Z_OUT[25] ; current_state.end_state  ; 4.144 ; 4.144 ; Fall       ; current_state.end_state  ;
;  Z_OUT[26] ; current_state.end_state  ; 4.215 ; 4.215 ; Fall       ; current_state.end_state  ;
;  Z_OUT[27] ; current_state.end_state  ; 4.007 ; 4.007 ; Fall       ; current_state.end_state  ;
;  Z_OUT[28] ; current_state.end_state  ; 4.052 ; 4.052 ; Fall       ; current_state.end_state  ;
;  Z_OUT[29] ; current_state.end_state  ; 4.253 ; 4.253 ; Fall       ; current_state.end_state  ;
;  Z_OUT[30] ; current_state.end_state  ; 4.016 ; 4.016 ; Fall       ; current_state.end_state  ;
;  Z_OUT[31] ; current_state.end_state  ; 4.178 ; 4.178 ; Fall       ; current_state.end_state  ;
; DONE       ; current_state.exec_state ; 3.711 ; 3.711 ; Rise       ; current_state.exec_state ;
+------------+--------------------------+-------+-------+------------+--------------------------+


+-------------------------------------------------------------------------------------------------+
; Setup Transfers                                                                                 ;
+--------------------------+--------------------------+----------+----------+----------+----------+
; From Clock               ; To Clock                 ; RR Paths ; FR Paths ; RF Paths ; FF Paths ;
+--------------------------+--------------------------+----------+----------+----------+----------+
; CNT[0]                   ; CLK                      ; 0        ; 3        ; 0        ; 0        ;
; current_state.end_state  ; CLK                      ; 128      ; 0        ; 0        ; 0        ;
; current_state.exec_state ; CLK                      ; 3        ; 0        ; 0        ; 0        ;
; CLK                      ; CNT[0]                   ; 0        ; 0        ; 1        ; 0        ;
; current_state.end_state  ; CNT[0]                   ; 0        ; 0        ; 1        ; 1        ;
; current_state.exec_state ; CNT[0]                   ; 0        ; 0        ; 2        ; 2        ;
; CLK                      ; current_state.end_state  ; 74315    ; 0        ; 32       ; 0        ;
; CNT[0]                   ; current_state.end_state  ; 32       ; 32       ; 0        ; 0        ;
; current_state.end_state  ; current_state.end_state  ; 83516    ; 0        ; 0        ; 0        ;
; current_state.exec_state ; current_state.end_state  ; 191      ; 191      ; 0        ; 0        ;
; CLK                      ; current_state.exec_state ; 1        ; 0        ; 0        ; 0        ;
; current_state.end_state  ; current_state.exec_state ; 2        ; 2        ; 0        ; 0        ;
; current_state.exec_state ; current_state.exec_state ; 2        ; 2        ; 0        ; 0        ;
+--------------------------+--------------------------+----------+----------+----------+----------+
Entries labeled "false path" only account for clock-to-clock false paths and not path-based false paths. As a result, actual path counts may be lower than reported.


+-------------------------------------------------------------------------------------------------+
; Hold Transfers                                                                                  ;
+--------------------------+--------------------------+----------+----------+----------+----------+
; From Clock               ; To Clock                 ; RR Paths ; FR Paths ; RF Paths ; FF Paths ;
+--------------------------+--------------------------+----------+----------+----------+----------+
; CNT[0]                   ; CLK                      ; 0        ; 3        ; 0        ; 0        ;
; current_state.end_state  ; CLK                      ; 128      ; 0        ; 0        ; 0        ;
; current_state.exec_state ; CLK                      ; 3        ; 0        ; 0        ; 0        ;
; CLK                      ; CNT[0]                   ; 0        ; 0        ; 1        ; 0        ;
; current_state.end_state  ; CNT[0]                   ; 0        ; 0        ; 1        ; 1        ;
; current_state.exec_state ; CNT[0]                   ; 0        ; 0        ; 2        ; 2        ;
; CLK                      ; current_state.end_state  ; 74315    ; 0        ; 32       ; 0        ;
; CNT[0]                   ; current_state.end_state  ; 32       ; 32       ; 0        ; 0        ;
; current_state.end_state  ; current_state.end_state  ; 83516    ; 0        ; 0        ; 0        ;
; current_state.exec_state ; current_state.end_state  ; 191      ; 191      ; 0        ; 0        ;
; CLK                      ; current_state.exec_state ; 1        ; 0        ; 0        ; 0        ;
; current_state.end_state  ; current_state.exec_state ; 2        ; 2        ; 0        ; 0        ;
; current_state.exec_state ; current_state.exec_state ; 2        ; 2        ; 0        ; 0        ;
+--------------------------+--------------------------+----------+----------+----------+----------+
Entries labeled "false path" only account for clock-to-clock false paths and not path-based false paths. As a result, actual path counts may be lower than reported.


---------------
; Report TCCS ;
---------------
No dedicated SERDES Transmitter circuitry present in device or used in design


---------------
; Report RSKM ;
---------------
No dedicated SERDES Receiver circuitry present in device or used in design


+------------------------------------------------+
; Unconstrained Paths                            ;
+---------------------------------+-------+------+
; Property                        ; Setup ; Hold ;
+---------------------------------+-------+------+
; Illegal Clocks                  ; 0     ; 0    ;
; Unconstrained Clocks            ; 0     ; 0    ;
; Unconstrained Input Ports       ; 66    ; 66   ;
; Unconstrained Input Port Paths  ; 198   ; 198  ;
; Unconstrained Output Ports      ; 33    ; 33   ;
; Unconstrained Output Port Paths ; 33    ; 33   ;
+---------------------------------+-------+------+


+------------------------------------+
; TimeQuest Timing Analyzer Messages ;
+------------------------------------+
Info: *******************************************************************
Info: Running Quartus II 64-Bit TimeQuest Timing Analyzer
    Info: Version 13.0.1 Build 232 06/12/2013 Service Pack 1 SJ Web Edition
    Info: Processing started: Sat Mar 08 19:57:37 2025
Info: Command: quartus_sta sqrt_fast -c sqrt_fast
Info: qsta_default_script.tcl version: #1
Warning (20028): Parallel compilation is not licensed and has been disabled
Info (21077): Low junction temperature is -40 degrees C
Info (21077): High junction temperature is 125 degrees C
Warning (335093): TimeQuest Timing Analyzer is analyzing 227 combinational loops as latches.
Critical Warning (332012): Synopsys Design Constraints File file not found: 'sqrt_fast.sdc'. A Synopsys Design Constraints File is required by the TimeQuest Timing Analyzer to get proper timing constraints. Without it, the Compiler will not properly optimize the design.
Info (332142): No user constrained base clocks found in the design. Calling "derive_clocks -period 1.0"
Info (332105): Deriving Clocks
    Info (332105): create_clock -period 1.000 -name CLK CLK
    Info (332105): create_clock -period 1.000 -name current_state.end_state current_state.end_state
    Info (332105): create_clock -period 1.000 -name CNT[0] CNT[0]
    Info (332105): create_clock -period 1.000 -name current_state.exec_state current_state.exec_state
Info: Found TIMEQUEST_REPORT_SCRIPT_INCLUDE_DEFAULT_ANALYSIS = ON
Info: Analyzing Slow Model
Critical Warning (332148): Timing requirements not met
Info (332146): Worst-case setup slack is -11.591
    Info (332119):     Slack End Point TNS Clock 
    Info (332119): ========= ============= =====================
    Info (332119):   -11.591      -835.601 current_state.end_state 
    Info (332119):    -3.209       -10.525 CLK 
    Info (332119):     0.696         0.000 current_state.exec_state 
    Info (332119):     1.301         0.000 CNT[0] 
Info (332146): Worst-case hold slack is -4.481
    Info (332119):     Slack End Point TNS Clock 
    Info (332119): ========= ============= =====================
    Info (332119):    -4.481       -10.089 CNT[0] 
    Info (332119):    -3.540       -10.814 current_state.exec_state 
    Info (332119):    -1.971      -257.314 current_state.end_state 
    Info (332119):     0.441         0.000 CLK 
Info (332140): No Recovery paths to report
Info (332140): No Removal paths to report
Info (332146): Worst-case minimum pulse width slack is -1.631
    Info (332119):     Slack End Point TNS Clock 
    Info (332119): ========= ============= =====================
    Info (332119):    -1.631      -161.713 CLK 
    Info (332119):     0.500         0.000 CNT[0] 
    Info (332119):     0.500         0.000 current_state.end_state 
    Info (332119):     0.500         0.000 current_state.exec_state 
Info (332001): The selected device family is not supported by the report_metastability command.
Info: Analyzing Fast Model
Critical Warning (332148): Timing requirements not met
Info (332146): Worst-case setup slack is -3.730
    Info (332119):     Slack End Point TNS Clock 
    Info (332119): ========= ============= =====================
    Info (332119):    -3.730      -183.270 current_state.end_state 
    Info (332119):    -0.617        -1.536 CLK 
    Info (332119):     0.611         0.000 CNT[0] 
    Info (332119):     0.792         0.000 current_state.exec_state 
Info (332146): Worst-case hold slack is -2.076
    Info (332119):     Slack End Point TNS Clock 
    Info (332119): ========= ============= =====================
    Info (332119):    -2.076        -4.032 CNT[0] 
    Info (332119):    -1.757        -4.871 current_state.exec_state 
    Info (332119):    -1.225      -193.730 current_state.end_state 
    Info (332119):    -0.003        -0.003 CLK 
Info (332140): No Recovery paths to report
Info (332140): No Removal paths to report
Info (332146): Worst-case minimum pulse width slack is -1.380
    Info (332119):     Slack End Point TNS Clock 
    Info (332119): ========= ============= =====================
    Info (332119):    -1.380      -132.380 CLK 
    Info (332119):     0.500         0.000 CNT[0] 
    Info (332119):     0.500         0.000 current_state.end_state 
    Info (332119):     0.500         0.000 current_state.exec_state 
Info (332001): The selected device family is not supported by the report_metastability command.
Info (332102): Design is not fully constrained for setup requirements
Info (332102): Design is not fully constrained for hold requirements
Info: Quartus II 64-Bit TimeQuest Timing Analyzer was successful. 0 errors, 5 warnings
    Info: Peak virtual memory: 4557 megabytes
    Info: Processing ended: Sat Mar 08 19:57:38 2025
    Info: Elapsed time: 00:00:01
    Info: Total CPU time (on all processors): 00:00:01


